customer_id,name,gender,age,city,signup_date
C00001,Customer_00001,M,57,Kolkata,2024-01-31
C00002,Customer_00002,F,24,Chennai,2025-11-23
C00003,Customer_00003,F,49,Kolkata,2025-11-04
C00004,Customer_00004,F,36,Bengaluru,2024-05-07
C00005,Customer_00005,M,23,Hyderabad,2024-10-20
C00006,Customer_00006,M,37,Vijayawada,2025-03-16
C00007,Customer_00007,M,44,Ahmedabad,2025-01-22
C00008,Customer_00008,F,60,Hyderabad,2025-10-03
C00009,Customer_00009,F,54,Bengaluru,2025-06-07
C00010,Customer_00010,F,24,Vijayawada,2025-06-30
C00011,Customer_00011,M,22,Pune,2025-12-10
C00012,Customer_00012,F,28,Hyderabad,2024-04-19
C00013,Customer_00013,F,32,Vijayawada,2024-11-23
C00014,Customer_00014,M,20,Mumbai,2025-02-08
C00015,Customer_00015,M,22,Kolkata,2024-09-01
C00016,Customer_00016,M,40,Ahmedabad,2024-06-11
C00017,Customer_00017,M,54,Delhi,2025-07-13
C00018,Customer_00018,F,26,Mumbai,2025-02-02
C00019,Customer_00019,M,32,Hyderabad,2025-08-05
C00020,Customer_00020,M,20,Jaipur,2025-02-02
C00021,Customer_00021,F,46,Vijayawada,2025-05-07
C00022,Customer_00022,M,23,Pune,2025-10-07
C00023,Customer_00023,M,34,Pune,2024-08-26
C00024,Customer_00024,M,43,Jaipur,2025-04-09
C00025,Customer_00025,M,38,Hyderabad,2025-08-02
C00026,Customer_00026,F,25,Pune,2024-02-01
C00027,Customer_00027,M,38,Chennai,2024-05-02
C00028,Customer_00028,F,28,Pune,2025-06-17
C00029,Customer_00029,F,55,Ahmedabad,2025-10-28
C00030,Customer_00030,M,25,Chennai,2024-04-19
C00031,Customer_00031,F,59,Bengaluru,2024-09-27
C00032,Customer_00032,M,41,Bengaluru,2025-01-14
C00033,Customer_00033,M,52,Vijayawada,2024-10-26
C00034,Customer_00034,F,31,Chennai,2025-09-18
C00035,Customer_00035,F,31,Mumbai,2024-09-05
C00036,Customer_00036,F,27,Vijayawada,2025-06-04
C00037,Customer_00037,M,29,Mumbai,2024-02-03
C00038,Customer_00038,M,55,Ahmedabad,2024-08-15
C00039,Customer_00039,F,51,Kolkata,2025-08-07
C00040,Customer_00040,M,58,Hyderabad,2025-02-02
C00041,Customer_00041,M,27,Chennai,2025-12-24
C00042,Customer_00042,F,34,Jaipur,2025-08-06
C00043,Customer_00043,M,34,Delhi,2025-07-23
C00044,Customer_00044,F,20,Hyderabad,2024-08-07
C00045,Customer_00045,M,48,Ahmedabad,2025-01-05
C00046,Customer_00046,F,18,Chennai,2025-06-11
C00047,Customer_00047,M,29,Bengaluru,2024-03-15
C00048,Customer_00048,F,56,Hyderabad,2025-09-09
C00049,Customer_00049,F,21,Mumbai,2024-05-15
C00050,Customer_00050,M,59,Jaipur,2024-03-14
C00051,Customer_00051,F,30,Hyderabad,2024-09-10
C00052,Customer_00052,F,51,Delhi,2024-01-18
C00053,Customer_00053,F,59,Ahmedabad,2024-02-12
C00054,Customer_00054,F,38,Ahmedabad,2024-02-19
C00055,Customer_00055,F,39,Vijayawada,2025-05-29
C00056,Customer_00056,F,21,Ahmedabad,2025-07-24
C00057,Customer_00057,M,35,Vijayawada,2025-07-29
C00058,Customer_00058,M,22,Ahmedabad,2025-08-04
C00059,Customer_00059,M,36,Delhi,2024-10-29
C00060,Customer_00060,M,19,Ahmedabad,2024-05-21
C00061,Customer_00061,M,29,Jaipur,2024-07-20
C00062,Customer_00062,M,34,Kolkata,2024-07-25
C00063,Customer_00063,F,27,Bengaluru,2025-02-18
C00064,Customer_00064,M,51,Jaipur,2024-08-08
C00065,Customer_00065,M,23,Ahmedabad,2024-12-27
C00066,Customer_00066,F,25,Chennai,2024-03-21
C00067,Customer_00067,M,28,Mumbai,2025-07-16
C00068,Customer_00068,F,29,Kolkata,2024-10-11
C00069,Customer_00069,M,26,Bengaluru,2025-01-03
C00070,Customer_00070,Other,19,Mumbai,2025-05-06
C00071,Customer_00071,F,25,Jaipur,2024-12-11
C00072,Customer_00072,M,28,Delhi,2024-07-22
C00073,Customer_00073,M,53,Delhi,2024-01-25
C00074,Customer_00074,F,27,Mumbai,2025-07-06
C00075,Customer_00075,F,38,Chennai,2024-03-09
C00076,Customer_00076,F,37,Mumbai,2025-05-30
C00077,Customer_00077,F,25,Jaipur,2025-05-06
C00078,Customer_00078,M,53,Mumbai,2024-08-27
C00079,Customer_00079,M,46,Bengaluru,2024-12-26
C00080,Customer_00080,M,59,Chennai,2025-03-16
C00081,Customer_00081,F,29,Pune,2024-01-31
C00082,Customer_00082,F,31,Hyderabad,2025-09-20
C00083,Customer_00083,M,38,Pune,2025-12-07
C00084,Customer_00084,M,39,Vijayawada,2025-08-24
C00085,Customer_00085,M,38,Mumbai,2025-11-20
C00086,Customer_00086,M,47,Delhi,2025-10-18
C00087,Customer_00087,F,56,Pune,2025-12-14
C00088,Customer_00088,F,37,Ahmedabad,2024-11-17
C00089,Customer_00089,F,41,Jaipur,2024-12-09
C00090,Customer_00090,M,40,Pune,2025-12-15
C00091,Customer_00091,M,24,Kolkata,2025-06-19
C00092,Customer_00092,F,26,Chennai,2024-12-20
C00093,Customer_00093,F,18,Jaipur,2025-04-15
C00094,Customer_00094,F,43,Delhi,2024-04-14
C00095,Customer_00095,F,55,Vijayawada,2024-11-17
C00096,Customer_00096,F,55,Pune,2025-07-25
C00097,Customer_00097,F,39,Chennai,2025-06-10
C00098,Customer_00098,M,27,Hyderabad,2025-05-18
C00099,Customer_00099,M,23,Chennai,2024-03-25
C00100,Customer_00100,M,34,Chennai,2025-12-09
C00101,Customer_00101,M,55,Jaipur,2024-08-22
C00102,Customer_00102,F,41,Hyderabad,2024-09-19
C00103,Customer_00103,M,27,Chennai,2024-01-06
C00104,Customer_00104,F,25,Kolkata,2025-05-08
C00105,Customer_00105,F,38,Pune,2024-10-15
C00106,Customer_00106,M,23,Pune,2025-07-23
C00107,Customer_00107,M,38,Kolkata,2025-10-18
C00108,Customer_00108,F,56,Pune,2025-07-07
C00109,Customer_00109,M,41,Chennai,2024-12-15
C00110,Customer_00110,M,50,Vijayawada,2024-07-18
C00111,Customer_00111,M,35,Chennai,2025-11-16
C00112,Customer_00112,M,45,Jaipur,2024-11-30
C00113,Customer_00113,F,49,Ahmedabad,2025-08-29
C00114,Customer_00114,F,29,Vijayawada,2024-08-04
C00115,Customer_00115,F,59,Delhi,2025-09-14
C00116,Customer_00116,F,44,Delhi,2024-12-18
C00117,Customer_00117,F,27,Vijayawada,2025-11-22
C00118,Customer_00118,M,59,Chennai,2025-11-05
C00119,Customer_00119,F,49,Mumbai,2025-09-22
C00120,Customer_00120,F,59,Ahmedabad,2024-11-20
C00121,Customer_00121,F,43,Kolkata,2024-08-15
C00122,Customer_00122,F,42,Chennai,2024-05-24
C00123,Customer_00123,M,28,Vijayawada,2024-11-03
C00124,Customer_00124,M,40,Mumbai,2025-10-15
C00125,Customer_00125,M,51,Chennai,2025-09-25
C00126,Customer_00126,M,57,Mumbai,2024-10-11
C00127,Customer_00127,F,40,Vijayawada,2025-01-26
C00128,Customer_00128,F,46,Chennai,2024-12-25
C00129,Customer_00129,M,48,Hyderabad,2024-06-13
C00130,Customer_00130,F,24,Pune,2025-08-03
C00131,Customer_00131,M,57,Vijayawada,2024-08-11
C00132,Customer_00132,M,50,Delhi,2024-05-03
C00133,Customer_00133,M,38,Delhi,2024-12-09
C00134,Customer_00134,M,19,Ahmedabad,2025-06-07
C00135,Customer_00135,F,35,Bengaluru,2024-02-21
C00136,Customer_00136,M,50,Delhi,2024-05-08
C00137,Customer_00137,F,54,Bengaluru,2024-05-14
C00138,Customer_00138,F,51,Hyderabad,2025-10-18
C00139,Customer_00139,M,37,Vijayawada,2024-05-06
C00140,Customer_00140,F,52,Mumbai,2024-03-11
C00141,Customer_00141,F,35,Ahmedabad,2024-09-29
C00142,Customer_00142,M,41,Pune,2024-07-05
C00143,Customer_00143,F,25,Kolkata,2024-01-03
C00144,Customer_00144,M,47,Bengaluru,2024-10-11
C00145,Customer_00145,M,27,Pune,2024-01-22
C00146,Customer_00146,M,40,Ahmedabad,2024-06-14
C00147,Customer_00147,F,28,Ahmedabad,2024-11-05
C00148,Customer_00148,F,19,Delhi,2025-04-21
C00149,Customer_00149,M,43,Pune,2025-05-12
C00150,Customer_00150,M,53,Chennai,2025-03-09
C00151,Customer_00151,F,50,Jaipur,2024-08-21
C00152,Customer_00152,M,30,Ahmedabad,2025-10-31
C00153,Customer_00153,M,57,Bengaluru,2025-10-24
C00154,Customer_00154,M,42,Kolkata,2025-12-25
C00155,Customer_00155,Other,21,Kolkata,2025-01-10
C00156,Customer_00156,M,59,Hyderabad,2025-12-30
C00157,Customer_00157,F,36,Hyderabad,2024-09-02
C00158,Customer_00158,F,35,Delhi,2024-10-29
C00159,Customer_00159,M,54,Chennai,2025-02-08
C00160,Customer_00160,F,47,Delhi,2025-10-24
C00161,Customer_00161,M,36,Kolkata,2025-12-08
C00162,Customer_00162,F,40,Mumbai,2024-01-21
C00163,Customer_00163,F,33,Kolkata,2024-09-13
C00164,Customer_00164,F,18,Ahmedabad,2025-02-02
C00165,Customer_00165,M,29,Pune,2025-06-12
C00166,Customer_00166,F,41,Pune,2024-02-20
C00167,Customer_00167,M,51,Ahmedabad,2025-03-22
C00168,Customer_00168,M,25,Ahmedabad,2024-09-26
C00169,Customer_00169,M,35,Kolkata,2025-08-17
C00170,Customer_00170,F,22,Pune,2025-09-27
C00171,Customer_00171,F,43,Pune,2024-09-18
C00172,Customer_00172,M,47,Vijayawada,2024-12-30
C00173,Customer_00173,F,30,Pune,2024-02-18
C00174,Customer_00174,M,36,Ahmedabad,2025-06-01
C00175,Customer_00175,F,46,Hyderabad,2025-09-20
C00176,Customer_00176,M,20,Chennai,2024-04-27
C00177,Customer_00177,F,43,Mumbai,2025-03-28
C00178,Customer_00178,M,57,Ahmedabad,2025-10-02
C00179,Customer_00179,F,29,Pune,2025-01-31
C00180,Customer_00180,M,19,Bengaluru,2025-11-13
C00181,Customer_00181,M,28,Kolkata,2024-01-27
C00182,Customer_00182,M,45,Kolkata,2025-12-11
C00183,Customer_00183,F,35,Chennai,2025-01-06
C00184,Customer_00184,F,30,Ahmedabad,2024-04-06
C00185,Customer_00185,M,54,Chennai,2025-06-12
C00186,Customer_00186,F,39,Hyderabad,2025-11-15
C00187,Customer_00187,F,29,Jaipur,2025-09-04
C00188,Customer_00188,F,19,Delhi,2024-07-04
C00189,Customer_00189,F,54,Bengaluru,2025-11-26
C00190,Customer_00190,M,24,Delhi,2024-08-02
C00191,Customer_00191,M,43,Jaipur,2024-09-07
C00192,Customer_00192,F,43,Bengaluru,2024-08-03
C00193,Customer_00193,F,41,Delhi,2024-01-29
C00194,Customer_00194,F,29,Bengaluru,2024-04-11
C00195,Customer_00195,M,33,Chennai,2024-05-02
C00196,Customer_00196,M,40,Mumbai,2024-02-23
C00197,Customer_00197,F,57,Vijayawada,2024-10-09
C00198,Customer_00198,F,26,Bengaluru,2025-09-05
C00199,Customer_00199,F,49,Jaipur,2024-04-26
C00200,Customer_00200,F,32,Chennai,2025-09-07
C00201,Customer_00201,F,54,Vijayawada,2025-07-10
C00202,Customer_00202,M,30,Chennai,2024-04-23
C00203,Customer_00203,M,22,Hyderabad,2025-06-26
C00204,Customer_00204,F,28,Pune,2025-11-06
C00205,Customer_00205,F,27,Kolkata,2025-12-01
C00206,Customer_00206,M,30,Hyderabad,2024-10-19
C00207,Customer_00207,M,58,Jaipur,2024-07-13
C00208,Customer_00208,F,32,Ahmedabad,2024-10-18
C00209,Customer_00209,M,59,Ahmedabad,2024-09-17
C00210,Customer_00210,M,24,Kolkata,2024-07-25
C00211,Customer_00211,F,57,Chennai,2025-07-17
C00212,Customer_00212,F,45,Mumbai,2024-02-18
C00213,Customer_00213,F,49,Jaipur,2024-01-06
C00214,Customer_00214,M,52,Kolkata,2025-01-13
C00215,Customer_00215,F,32,Vijayawada,2025-01-28
C00216,Customer_00216,M,53,Vijayawada,2024-08-11
C00217,Customer_00217,M,38,Ahmedabad,2024-01-23
C00218,Customer_00218,F,23,Pune,2025-10-18
C00219,Customer_00219,F,18,Chennai,2024-04-19
C00220,Customer_00220,F,21,Ahmedabad,2025-12-24
C00221,Customer_00221,F,28,Mumbai,2025-07-06
C00222,Customer_00222,F,43,Kolkata,2025-02-02
C00223,Customer_00223,M,54,Bengaluru,2024-06-20
C00224,Customer_00224,M,40,Mumbai,2025-11-28
C00225,Customer_00225,M,46,Bengaluru,2025-12-26
C00226,Customer_00226,M,38,Chennai,2024-11-01
C00227,Customer_00227,F,44,Kolkata,2025-07-17
C00228,Customer_00228,M,56,Vijayawada,2025-08-04
C00229,Customer_00229,F,57,Vijayawada,2025-12-08
C00230,Customer_00230,F,30,Hyderabad,2024-05-30
C00231,Customer_00231,F,40,Vijayawada,2025-03-03
C00232,Customer_00232,F,33,Jaipur,2025-09-12
C00233,Customer_00233,F,47,Hyderabad,2025-04-11
C00234,Customer_00234,F,21,Hyderabad,2025-09-21
C00235,Customer_00235,M,57,Vijayawada,2025-08-29
C00236,Customer_00236,F,33,Ahmedabad,2025-07-09
C00237,Customer_00237,M,48,Pune,2024-03-07
C00238,Customer_00238,M,59,Pune,2024-06-04
C00239,Customer_00239,F,42,Jaipur,2024-07-24
C00240,Customer_00240,M,29,Delhi,2024-06-03
C00241,Customer_00241,F,43,Ahmedabad,2025-11-21
C00242,Customer_00242,F,54,Delhi,2025-05-23
C00243,Customer_00243,F,50,Bengaluru,2025-07-25
C00244,Customer_00244,M,45,Ahmedabad,2024-03-14
C00245,Customer_00245,M,26,Kolkata,2024-02-18
C00246,Customer_00246,F,29,Delhi,2025-04-11
C00247,Customer_00247,M,22,Jaipur,2025-08-07
C00248,Customer_00248,F,45,Jaipur,2025-12-08
C00249,Customer_00249,F,52,Ahmedabad,2024-06-27
C00250,Customer_00250,F,22,Hyderabad,2024-02-17
C00251,Customer_00251,M,51,Kolkata,2024-03-12
C00252,Customer_00252,M,51,Chennai,2024-04-22
C00253,Customer_00253,F,30,Kolkata,2024-06-07
C00254,Customer_00254,M,56,Jaipur,2024-01-30
C00255,Customer_00255,M,59,Bengaluru,2024-04-06
C00256,Customer_00256,F,31,Delhi,2024-09-07
C00257,Customer_00257,F,28,Delhi,2025-06-02
C00258,Customer_00258,F,59,Bengaluru,2024-04-01
C00259,Customer_00259,F,55,Mumbai,2024-04-22
C00260,Customer_00260,M,21,Ahmedabad,2024-09-15
C00261,Customer_00261,F,50,Jaipur,2024-04-16
C00262,Customer_00262,Other,24,Pune,2025-07-28
C00263,Customer_00263,M,58,Vijayawada,2025-01-24
C00264,Customer_00264,F,25,Bengaluru,2024-12-23
C00265,Customer_00265,F,54,Bengaluru,2024-07-17
C00266,Customer_00266,F,27,Kolkata,2025-03-02
C00267,Customer_00267,F,60,Ahmedabad,2025-04-22
C00268,Customer_00268,F,32,Ahmedabad,2025-05-17
C00269,Customer_00269,M,55,Pune,2025-10-19
C00270,Customer_00270,M,32,Vijayawada,2025-07-26
C00271,Customer_00271,F,22,Ahmedabad,2024-04-29
C00272,Customer_00272,F,46,Hyderabad,2025-07-26
C00273,Customer_00273,F,36,Jaipur,2024-11-04
C00274,Customer_00274,F,27,Hyderabad,2025-06-21
C00275,Customer_00275,F,29,Mumbai,2025-09-18
C00276,Customer_00276,F,21,Jaipur,2025-04-19
C00277,Customer_00277,F,48,Chennai,2025-07-05
C00278,Customer_00278,F,35,Jaipur,2024-12-09
C00279,Customer_00279,F,33,Jaipur,2025-09-19
C00280,Customer_00280,F,57,Pune,2024-05-15
C00281,Customer_00281,F,53,Hyderabad,2024-10-03
C00282,Customer_00282,M,42,Vijayawada,2025-06-16
C00283,Customer_00283,M,40,Kolkata,2024-01-31
C00284,Customer_00284,M,29,Pune,2024-09-03
C00285,Customer_00285,F,51,Jaipur,2025-02-14
C00286,Customer_00286,M,53,Kolkata,2024-01-27
C00287,Customer_00287,M,54,Delhi,2024-03-13
C00288,Customer_00288,F,20,Kolkata,2024-04-06
C00289,Customer_00289,M,26,Bengaluru,2025-11-03
C00290,Customer_00290,F,35,Pune,2024-12-11
C00291,Customer_00291,M,60,Pune,2025-04-20
C00292,Customer_00292,M,52,Bengaluru,2024-10-26
C00293,Customer_00293,F,51,Delhi,2024-10-25
C00294,Customer_00294,M,58,Ahmedabad,2024-10-13
C00295,Customer_00295,M,31,Ahmedabad,2025-03-24
C00296,Customer_00296,F,21,Ahmedabad,2024-07-30
C00297,Customer_00297,F,46,Ahmedabad,2024-03-16
C00298,Customer_00298,M,58,Hyderabad,2025-02-04
C00299,Customer_00299,F,32,Bengaluru,2025-10-16
C00300,Customer_00300,M,45,Delhi,2024-02-03
C00301,Customer_00301,M,59,Jaipur,2025-05-12
C00302,Customer_00302,F,33,Mumbai,2025-05-30
C00303,Customer_00303,F,29,Pune,2024-11-23
C00304,Customer_00304,F,22,Kolkata,2024-04-07
C00305,Customer_00305,F,51,Ahmedabad,2024-12-31
C00306,Customer_00306,F,59,Kolkata,2025-12-29
C00307,Customer_00307,F,18,Mumbai,2025-04-07
C00308,Customer_00308,M,56,Pune,2024-01-28
C00309,Customer_00309,F,49,Chennai,2025-12-13
C00310,Customer_00310,M,43,Vijayawada,2025-01-20
C00311,Customer_00311,M,34,Delhi,2024-09-29
C00312,Customer_00312,M,44,Hyderabad,2024-05-06
C00313,Customer_00313,M,41,Kolkata,2024-07-20
C00314,Customer_00314,F,52,Ahmedabad,2025-06-04
C00315,Customer_00315,F,59,Bengaluru,2024-10-13
C00316,Customer_00316,F,56,Kolkata,2025-03-25
C00317,Customer_00317,M,43,Pune,2024-03-28
C00318,Customer_00318,M,55,Chennai,2024-11-13
C00319,Customer_00319,M,40,Delhi,2024-01-19
C00320,Customer_00320,M,39,Bengaluru,2025-08-15
C00321,Customer_00321,F,21,Vijayawada,2024-04-16
C00322,Customer_00322,F,26,Pune,2025-04-02
C00323,Customer_00323,F,21,Chennai,2024-11-06
C00324,Customer_00324,M,24,Bengaluru,2025-02-15
C00325,Customer_00325,F,40,Vijayawada,2025-09-15
C00326,Customer_00326,F,19,Kolkata,2025-09-26
C00327,Customer_00327,F,41,Pune,2025-05-12
C00328,Customer_00328,F,57,Jaipur,2024-08-31
C00329,Customer_00329,M,48,Vijayawada,2025-11-20
C00330,Customer_00330,M,48,Chennai,2025-07-30
C00331,Customer_00331,M,57,Jaipur,2025-01-14
C00332,Customer_00332,F,60,Jaipur,2025-05-29
C00333,Customer_00333,M,51,Hyderabad,2024-07-25
C00334,Customer_00334,M,41,Chennai,2025-01-28
C00335,Customer_00335,M,43,Jaipur,2024-01-21
C00336,Customer_00336,M,33,Kolkata,2025-06-10
C00337,Customer_00337,F,30,Pune,2024-12-08
C00338,Customer_00338,F,32,Pune,2025-12-18
C00339,Customer_00339,M,44,Kolkata,2024-07-20
C00340,Customer_00340,M,21,Hyderabad,2024-04-29
C00341,Customer_00341,F,33,Delhi,2025-10-10
C00342,Customer_00342,M,47,Hyderabad,2025-01-23
C00343,Customer_00343,M,47,Pune,2025-06-20
C00344,Customer_00344,M,53,Delhi,2024-08-21
C00345,Customer_00345,M,20,Hyderabad,2025-09-24
C00346,Customer_00346,F,39,Jaipur,2025-08-24
C00347,Customer_00347,F,39,Delhi,2024-11-15
C00348,Customer_00348,M,29,Pune,2025-12-12
C00349,Customer_00349,M,38,Kolkata,2024-06-28
C00350,Customer_00350,F,21,Ahmedabad,2025-01-02
C00351,Customer_00351,F,48,Jaipur,2024-03-16
C00352,Customer_00352,F,48,Jaipur,2025-10-10
C00353,Customer_00353,F,40,Ahmedabad,2025-10-11
C00354,Customer_00354,M,37,Vijayawada,2025-05-10
C00355,Customer_00355,M,32,Mumbai,2025-06-05
C00356,Customer_00356,F,40,Bengaluru,2024-07-19
C00357,Customer_00357,M,45,Chennai,2024-12-11
C00358,Customer_00358,F,33,Hyderabad,2025-04-27
C00359,Customer_00359,F,54,Mumbai,2024-08-06
C00360,Customer_00360,F,38,Hyderabad,2024-02-29
C00361,Customer_00361,M,32,Mumbai,2025-10-20
C00362,Customer_00362,F,34,Delhi,2025-09-10
C00363,Customer_00363,M,54,Kolkata,2025-07-03
C00364,Customer_00364,F,30,Chennai,2025-10-07
C00365,Customer_00365,F,36,Chennai,2024-08-08
C00366,Customer_00366,M,47,Hyderabad,2025-05-16
C00367,Customer_00367,F,35,Ahmedabad,2024-05-12
C00368,Customer_00368,F,31,Delhi,2024-02-22
C00369,Customer_00369,M,53,Vijayawada,2025-03-25
C00370,Customer_00370,M,53,Chennai,2024-03-02
C00371,Customer_00371,M,37,Bengaluru,2024-01-23
C00372,Customer_00372,M,36,Hyderabad,2024-02-13
C00373,Customer_00373,M,24,Jaipur,2025-07-11
C00374,Customer_00374,F,21,Bengaluru,2025-10-20
C00375,Customer_00375,M,51,Pune,2025-12-28
C00376,Customer_00376,M,19,Hyderabad,2024-02-16
C00377,Customer_00377,F,22,Hyderabad,2024-01-24
C00378,Customer_00378,M,27,Jaipur,2025-10-18
C00379,Customer_00379,F,49,Delhi,2024-03-29
C00380,Customer_00380,M,59,Jaipur,2024-06-22
C00381,Customer_00381,M,58,Chennai,2025-07-29
C00382,Customer_00382,F,30,Kolkata,2024-04-28
C00383,Customer_00383,F,56,Hyderabad,2025-10-29
C00384,Customer_00384,F,22,Pune,2024-06-26
C00385,Customer_00385,F,27,Ahmedabad,2024-12-07
C00386,Customer_00386,F,27,Hyderabad,2025-07-21
C00387,Customer_00387,M,55,Jaipur,2024-02-28
C00388,Customer_00388,M,44,Mumbai,2025-03-13
C00389,Customer_00389,F,38,Hyderabad,2025-03-03
C00390,Customer_00390,F,25,Hyderabad,2025-03-01
C00391,Customer_00391,Other,18,Pune,2025-01-15
C00392,Customer_00392,M,45,Pune,2025-04-30
C00393,Customer_00393,M,56,Hyderabad,2024-07-03
C00394,Customer_00394,F,31,Mumbai,2025-07-12
C00395,Customer_00395,M,38,Kolkata,2025-04-04
C00396,Customer_00396,F,47,Vijayawada,2024-04-11
C00397,Customer_00397,F,38,Mumbai,2025-07-09
C00398,Customer_00398,M,26,Mumbai,2024-01-15
C00399,Customer_00399,F,34,Mumbai,2024-02-20
C00400,Customer_00400,F,22,Kolkata,2024-11-04
C00401,Customer_00401,M,48,Delhi,2024-02-03
C00402,Customer_00402,F,57,Delhi,2025-09-27
C00403,Customer_00403,F,55,Mumbai,2025-08-11
C00404,Customer_00404,F,60,Vijayawada,2025-09-26
C00405,Customer_00405,M,36,Jaipur,2024-07-23
C00406,Customer_00406,F,53,Bengaluru,2024-03-10
C00407,Customer_00407,M,50,Delhi,2024-08-17
C00408,Customer_00408,M,30,Ahmedabad,2025-04-24
C00409,Customer_00409,F,31,Pune,2025-06-16
C00410,Customer_00410,M,50,Kolkata,2024-04-17
C00411,Customer_00411,M,46,Kolkata,2024-08-28
C00412,Customer_00412,F,60,Bengaluru,2024-09-07
C00413,Customer_00413,F,53,Delhi,2024-05-14
C00414,Customer_00414,F,27,Vijayawada,2024-03-30
C00415,Customer_00415,F,48,Vijayawada,2025-08-13
C00416,Customer_00416,M,23,Pune,2025-03-15
C00417,Customer_00417,M,18,Mumbai,2025-11-19
C00418,Customer_00418,M,24,Jaipur,2024-10-24
C00419,Customer_00419,F,44,Delhi,2025-02-10
C00420,Customer_00420,F,38,Vijayawada,2024-11-03
C00421,Customer_00421,F,45,Bengaluru,2024-04-11
C00422,Customer_00422,F,33,Pune,2024-12-26
C00423,Customer_00423,M,40,Hyderabad,2025-09-15
C00424,Customer_00424,F,37,Pune,2025-11-23
C00425,Customer_00425,M,55,Vijayawada,2025-09-07
C00426,Customer_00426,F,42,Hyderabad,2025-06-11
C00427,Customer_00427,M,45,Ahmedabad,2025-08-30
C00428,Customer_00428,F,22,Chennai,2024-10-19
C00429,Customer_00429,M,38,Pune,2024-05-25
C00430,Customer_00430,M,35,Bengaluru,2025-02-07
C00431,Customer_00431,M,23,Bengaluru,2024-01-02
C00432,Customer_00432,F,46,Jaipur,2024-04-28
C00433,Customer_00433,F,36,Mumbai,2025-08-28
C00434,Customer_00434,M,50,Pune,2024-07-09
C00435,Customer_00435,M,18,Vijayawada,2024-01-03
C00436,Customer_00436,F,20,Chennai,2025-05-01
C00437,Customer_00437,M,59,Delhi,2025-09-14
C00438,Customer_00438,F,38,Vijayawada,2024-06-25
C00439,Customer_00439,F,52,Bengaluru,2024-09-13
C00440,Customer_00440,M,58,Ahmedabad,2025-06-17
C00441,Customer_00441,M,57,Vijayawada,2025-04-21
C00442,Customer_00442,Other,20,Kolkata,2025-02-01
C00443,Customer_00443,M,42,Bengaluru,2025-05-10
C00444,Customer_00444,M,55,Pune,2024-08-07
C00445,Customer_00445,F,37,Ahmedabad,2024-06-21
C00446,Customer_00446,F,51,Kolkata,2025-01-24
C00447,Customer_00447,Other,38,Hyderabad,2025-05-16
C00448,Customer_00448,F,40,Chennai,2025-07-30
C00449,Customer_00449,M,23,Bengaluru,2024-09-16
C00450,Customer_00450,M,30,Pune,2024-05-10
C00451,Customer_00451,F,40,Kolkata,2024-04-22
C00452,Customer_00452,F,26,Kolkata,2025-12-23
C00453,Customer_00453,M,34,Mumbai,2024-01-20
C00454,Customer_00454,F,19,Kolkata,2024-08-02
C00455,Customer_00455,M,36,Chennai,2024-11-05
C00456,Customer_00456,F,36,Ahmedabad,2024-09-07
C00457,Customer_00457,M,24,Ahmedabad,2025-05-02
C00458,Customer_00458,M,59,Kolkata,2025-01-16
C00459,Customer_00459,M,59,Pune,2025-02-12
C00460,Customer_00460,M,37,Bengaluru,2024-09-27
C00461,Customer_00461,M,26,Pune,2025-02-10
C00462,Customer_00462,F,34,Jaipur,2025-11-22
C00463,Customer_00463,F,44,Bengaluru,2024-07-12
C00464,Customer_00464,F,19,Hyderabad,2025-03-16
C00465,Customer_00465,F,53,Chennai,2024-11-08
C00466,Customer_00466,M,36,Pune,2024-03-19
C00467,Customer_00467,M,34,Mumbai,2024-06-28
C00468,Customer_00468,F,22,Ahmedabad,2025-11-05
C00469,Customer_00469,M,56,Kolkata,2025-12-14
C00470,Customer_00470,F,35,Bengaluru,2024-01-14
C00471,Customer_00471,M,24,Kolkata,2024-09-02
C00472,Customer_00472,F,34,Hyderabad,2024-01-14
C00473,Customer_00473,M,56,Jaipur,2024-04-08
C00474,Customer_00474,F,53,Kolkata,2024-02-02
C00475,Customer_00475,F,57,Pune,2025-03-11
C00476,Customer_00476,Other,21,Bengaluru,2024-09-13
C00477,Customer_00477,M,55,Mumbai,2024-02-03
C00478,Customer_00478,F,42,Hyderabad,2024-01-19
C00479,Customer_00479,F,22,Vijayawada,2025-10-25
C00480,Customer_00480,F,47,Chennai,2024-09-16
C00481,Customer_00481,F,29,Jaipur,2025-11-06
C00482,Customer_00482,F,21,Pune,2025-08-11
C00483,Customer_00483,M,41,Chennai,2025-02-19
C00484,Customer_00484,F,46,Mumbai,2024-05-16
C00485,Customer_00485,F,26,Chennai,2024-12-24
C00486,Customer_00486,F,21,Ahmedabad,2025-12-20
C00487,Customer_00487,M,41,Bengaluru,2025-08-01
C00488,Customer_00488,M,31,Chennai,2024-04-25
C00489,Customer_00489,F,22,Pune,2025-02-07
C00490,Customer_00490,F,35,Vijayawada,2024-07-20
C00491,Customer_00491,M,59,Ahmedabad,2025-01-10
C00492,Customer_00492,F,36,Ahmedabad,2024-09-06
C00493,Customer_00493,M,29,Chennai,2025-03-21
C00494,Customer_00494,M,35,Jaipur,2024-10-04
C00495,Customer_00495,M,34,Delhi,2024-04-21
C00496,Customer_00496,M,47,Jaipur,2025-04-17
C00497,Customer_00497,F,41,Kolkata,2025-11-18
C00498,Customer_00498,M,28,Pune,2025-01-26
C00499,Customer_00499,F,52,Delhi,2024-05-22
C00500,Customer_00500,Other,40,Bengaluru,2024-02-01
C00501,Customer_00501,F,34,Ahmedabad,2024-06-29
C00502,Customer_00502,F,18,Pune,2025-08-01
C00503,Customer_00503,M,32,Mumbai,2025-05-30
C00504,Customer_00504,F,49,Kolkata,2024-09-25
C00505,Customer_00505,F,26,Vijayawada,2024-08-23
C00506,Customer_00506,M,32,Kolkata,2024-10-03
C00507,Customer_00507,F,45,Pune,2025-07-06
C00508,Customer_00508,F,41,Bengaluru,2025-09-24
C00509,Customer_00509,F,52,Ahmedabad,2024-10-01
C00510,Customer_00510,F,39,Hyderabad,2024-03-26
C00511,Customer_00511,F,44,Hyderabad,2024-03-03
C00512,Customer_00512,M,36,Pune,2025-02-07
C00513,Customer_00513,F,29,Chennai,2024-07-10
C00514,Customer_00514,F,37,Jaipur,2024-10-19
C00515,Customer_00515,M,18,Kolkata,2024-01-31
C00516,Customer_00516,M,38,Bengaluru,2024-11-25
C00517,Customer_00517,M,18,Kolkata,2025-10-19
C00518,Customer_00518,F,27,Mumbai,2024-04-16
C00519,Customer_00519,Other,49,Hyderabad,2025-09-13
C00520,Customer_00520,M,56,Ahmedabad,2024-10-02
C00521,Customer_00521,F,39,Mumbai,2025-12-22
C00522,Customer_00522,M,35,Ahmedabad,2025-10-12
C00523,Customer_00523,F,49,Kolkata,2025-08-20
C00524,Customer_00524,F,44,Bengaluru,2025-07-09
C00525,Customer_00525,F,45,Hyderabad,2024-03-22
C00526,Customer_00526,M,35,Kolkata,2024-03-04
C00527,Customer_00527,M,56,Hyderabad,2025-07-20
C00528,Customer_00528,M,46,Pune,2025-08-08
C00529,Customer_00529,M,35,Vijayawada,2024-05-08
C00530,Customer_00530,F,25,Vijayawada,2024-09-12
C00531,Customer_00531,F,48,Ahmedabad,2024-08-18
C00532,Customer_00532,Other,51,Kolkata,2025-05-11
C00533,Customer_00533,Other,24,Delhi,2024-05-16
C00534,Customer_00534,F,53,Hyderabad,2025-03-30
C00535,Customer_00535,F,35,Hyderabad,2024-12-20
C00536,Customer_00536,F,55,Delhi,2025-09-15
C00537,Customer_00537,F,26,Chennai,2025-04-29
C00538,Customer_00538,M,26,Kolkata,2024-05-25
C00539,Customer_00539,M,25,Delhi,2024-02-02
C00540,Customer_00540,M,52,Vijayawada,2024-09-16
C00541,Customer_00541,F,35,Hyderabad,2024-03-27
C00542,Customer_00542,F,22,Vijayawada,2024-09-21
C00543,Customer_00543,M,31,Kolkata,2025-06-25
C00544,Customer_00544,F,45,Bengaluru,2025-01-26
C00545,Customer_00545,F,47,Bengaluru,2024-08-19
C00546,Customer_00546,M,21,Ahmedabad,2025-08-10
C00547,Customer_00547,M,56,Vijayawada,2025-03-22
C00548,Customer_00548,F,37,Vijayawada,2024-05-08
C00549,Customer_00549,F,42,Vijayawada,2024-09-27
C00550,Customer_00550,F,45,Chennai,2024-03-29
C00551,Customer_00551,F,29,Vijayawada,2025-04-10
C00552,Customer_00552,F,19,Bengaluru,2024-06-18
C00553,Customer_00553,F,60,Chennai,2024-05-07
C00554,Customer_00554,F,31,Ahmedabad,2024-06-22
C00555,Customer_00555,F,39,Pune,2024-01-26
C00556,Customer_00556,M,48,Mumbai,2025-07-26
C00557,Customer_00557,M,40,Ahmedabad,2025-05-25
C00558,Customer_00558,M,37,Jaipur,2025-05-02
C00559,Customer_00559,F,55,Chennai,2025-08-01
C00560,Customer_00560,F,21,Bengaluru,2025-02-09
C00561,Customer_00561,F,32,Bengaluru,2024-01-26
C00562,Customer_00562,M,41,Kolkata,2024-03-23
C00563,Customer_00563,M,42,Hyderabad,2024-12-29
C00564,Customer_00564,M,18,Vijayawada,2025-01-01
C00565,Customer_00565,M,24,Bengaluru,2024-02-29
C00566,Customer_00566,F,48,Vijayawada,2025-07-04
C00567,Customer_00567,M,29,Delhi,2025-09-26
C00568,Customer_00568,M,59,Hyderabad,2024-10-18
C00569,Customer_00569,F,22,Delhi,2024-07-09
C00570,Customer_00570,M,59,Vijayawada,2025-04-05
C00571,Customer_00571,F,55,Chennai,2025-10-25
C00572,Customer_00572,F,29,Jaipur,2024-08-20
C00573,Customer_00573,M,56,Hyderabad,2025-04-18
C00574,Customer_00574,F,35,Chennai,2025-02-08
C00575,Customer_00575,F,19,Bengaluru,2025-10-19
C00576,Customer_00576,F,27,Jaipur,2024-09-27
C00577,Customer_00577,M,32,Pune,2024-05-13
C00578,Customer_00578,F,47,Bengaluru,2024-06-19
C00579,Customer_00579,F,34,Mumbai,2025-02-18
C00580,Customer_00580,M,21,Ahmedabad,2024-01-28
C00581,Customer_00581,M,24,Hyderabad,2024-05-15
C00582,Customer_00582,Other,58,Mumbai,2025-02-08
C00583,Customer_00583,F,48,Vijayawada,2025-05-19
C00584,Customer_00584,M,56,Hyderabad,2024-08-28
C00585,Customer_00585,F,51,Ahmedabad,2025-03-19
C00586,Customer_00586,M,23,Hyderabad,2025-03-09
C00587,Customer_00587,M,55,Chennai,2024-08-15
C00588,Customer_00588,M,51,Delhi,2025-05-23
C00589,Customer_00589,M,32,Kolkata,2024-10-29
C00590,Customer_00590,M,31,Chennai,2024-02-03
C00591,Customer_00591,M,23,Ahmedabad,2024-01-02
C00592,Customer_00592,F,54,Hyderabad,2024-12-27
C00593,Customer_00593,M,49,Chennai,2024-07-13
C00594,Customer_00594,M,20,Delhi,2025-08-28
C00595,Customer_00595,F,20,Mumbai,2024-11-03
C00596,Customer_00596,M,39,Chennai,2025-10-08
C00597,Customer_00597,F,39,Vijayawada,2025-12-16
C00598,Customer_00598,M,27,Mumbai,2024-09-06
C00599,Customer_00599,M,20,Ahmedabad,2024-05-26
C00600,Customer_00600,M,29,Mumbai,2024-12-11
C00601,Customer_00601,M,46,Hyderabad,2024-12-13
C00602,Customer_00602,M,34,Jaipur,2024-09-10
C00603,Customer_00603,M,24,Jaipur,2025-02-02
C00604,Customer_00604,M,30,Pune,2024-11-29
C00605,Customer_00605,M,19,Vijayawada,2024-06-24
C00606,Customer_00606,M,21,Hyderabad,2024-05-04
C00607,Customer_00607,M,27,Ahmedabad,2025-02-01
C00608,Customer_00608,M,56,Bengaluru,2024-05-10
C00609,Customer_00609,F,41,Jaipur,2025-07-15
C00610,Customer_00610,F,34,Ahmedabad,2025-08-27
C00611,Customer_00611,M,23,Mumbai,2025-02-10
C00612,Customer_00612,F,36,Chennai,2024-11-29
C00613,Customer_00613,F,22,Jaipur,2024-01-20
C00614,Customer_00614,M,49,Hyderabad,2024-07-23
C00615,Customer_00615,F,27,Jaipur,2025-08-25
C00616,Customer_00616,F,26,Delhi,2024-12-20
C00617,Customer_00617,M,44,Delhi,2024-06-21
C00618,Customer_00618,M,30,Delhi,2024-07-07
C00619,Customer_00619,F,36,Vijayawada,2024-01-02
C00620,Customer_00620,F,38,Jaipur,2024-06-16
C00621,Customer_00621,M,41,Pune,2025-01-02
C00622,Customer_00622,M,55,Ahmedabad,2025-06-19
C00623,Customer_00623,M,21,Delhi,2025-08-02
C00624,Customer_00624,M,41,Mumbai,2025-01-04
C00625,Customer_00625,F,52,Hyderabad,2025-12-06
C00626,Customer_00626,M,20,Vijayawada,2025-08-18
C00627,Customer_00627,M,21,Kolkata,2025-03-12
C00628,Customer_00628,F,54,Delhi,2024-07-25
C00629,Customer_00629,M,57,Ahmedabad,2024-02-18
C00630,Customer_00630,M,52,Mumbai,2025-06-27
C00631,Customer_00631,F,48,Hyderabad,2025-11-12
C00632,Customer_00632,F,42,Chennai,2024-05-08
C00633,Customer_00633,F,57,Bengaluru,2025-03-22
C00634,Customer_00634,F,30,Mumbai,2025-09-05
C00635,Customer_00635,M,21,Pune,2024-02-04
C00636,Customer_00636,M,31,Mumbai,2024-07-17
C00637,Customer_00637,F,30,Mumbai,2024-03-17
C00638,Customer_00638,M,44,Pune,2025-01-03
C00639,Customer_00639,M,23,Chennai,2025-06-09
C00640,Customer_00640,M,34,Vijayawada,2024-12-14
C00641,Customer_00641,M,53,Jaipur,2025-05-20
C00642,Customer_00642,M,57,Hyderabad,2025-10-04
C00643,Customer_00643,M,52,Mumbai,2024-08-25
C00644,Customer_00644,M,34,Mumbai,2024-10-06
C00645,Customer_00645,M,58,Pune,2025-07-30
C00646,Customer_00646,F,19,Ahmedabad,2025-03-07
C00647,Customer_00647,F,30,Mumbai,2024-05-17
C00648,Customer_00648,F,19,Mumbai,2024-09-25
C00649,Customer_00649,F,45,Pune,2024-07-19
C00650,Customer_00650,F,60,Ahmedabad,2024-05-21
C00651,Customer_00651,M,43,Pune,2025-09-03
C00652,Customer_00652,F,39,Vijayawada,2025-10-11
C00653,Customer_00653,F,60,Mumbai,2025-11-10
C00654,Customer_00654,F,20,Delhi,2025-09-02
C00655,Customer_00655,M,52,Hyderabad,2024-12-20
C00656,Customer_00656,M,29,Ahmedabad,2025-07-31
C00657,Customer_00657,M,41,Delhi,2024-11-24
C00658,Customer_00658,M,22,Pune,2025-07-12
C00659,Customer_00659,F,37,Mumbai,2024-08-18
C00660,Customer_00660,F,56,Pune,2024-11-03
C00661,Customer_00661,M,56,Jaipur,2025-10-19
C00662,Customer_00662,Other,30,Jaipur,2025-12-19
C00663,Customer_00663,F,58,Vijayawada,2024-05-25
C00664,Customer_00664,M,29,Mumbai,2024-05-31
C00665,Customer_00665,M,30,Mumbai,2024-05-19
C00666,Customer_00666,M,27,Delhi,2025-10-24
C00667,Customer_00667,M,50,Kolkata,2024-01-21
C00668,Customer_00668,M,57,Mumbai,2024-09-10
C00669,Customer_00669,M,33,Vijayawada,2024-03-04
C00670,Customer_00670,M,52,Ahmedabad,2024-08-05
C00671,Customer_00671,M,20,Ahmedabad,2024-03-12
C00672,Customer_00672,F,22,Pune,2024-06-10
C00673,Customer_00673,M,43,Delhi,2024-05-09
C00674,Customer_00674,F,28,Chennai,2025-08-03
C00675,Customer_00675,M,24,Bengaluru,2024-08-12
C00676,Customer_00676,Other,27,Pune,2025-08-02
C00677,Customer_00677,M,59,Mumbai,2025-03-29
C00678,Customer_00678,M,51,Pune,2025-01-18
C00679,Customer_00679,F,20,Chennai,2024-04-16
C00680,Customer_00680,F,25,Bengaluru,2025-09-12
C00681,Customer_00681,F,48,Chennai,2024-04-12
C00682,Customer_00682,M,28,Chennai,2024-05-20
C00683,Customer_00683,M,24,Jaipur,2025-07-30
C00684,Customer_00684,F,19,Ahmedabad,2024-05-13
C00685,Customer_00685,F,23,Kolkata,2024-07-17
C00686,Customer_00686,F,58,Mumbai,2025-05-24
C00687,Customer_00687,F,49,Vijayawada,2025-10-28
C00688,Customer_00688,M,37,Delhi,2024-03-19
C00689,Customer_00689,F,51,Pune,2025-04-26
C00690,Customer_00690,M,33,Mumbai,2025-05-26
C00691,Customer_00691,M,42,Jaipur,2024-09-06
C00692,Customer_00692,M,29,Ahmedabad,2025-08-21
C00693,Customer_00693,F,24,Pune,2025-08-22
C00694,Customer_00694,M,56,Delhi,2025-04-27
C00695,Customer_00695,M,34,Kolkata,2024-06-20
C00696,Customer_00696,F,28,Mumbai,2024-01-17
C00697,Customer_00697,M,23,Vijayawada,2024-10-20
C00698,Customer_00698,F,40,Ahmedabad,2025-01-28
C00699,Customer_00699,M,44,Hyderabad,2025-05-12
C00700,Customer_00700,M,23,Mumbai,2024-08-06
C00701,Customer_00701,F,55,Chennai,2024-08-21
C00702,Customer_00702,M,19,Chennai,2025-01-24
C00703,Customer_00703,M,39,Vijayawada,2024-09-04
C00704,Customer_00704,M,37,Bengaluru,2024-02-21
C00705,Customer_00705,M,42,Vijayawada,2024-01-15
C00706,Customer_00706,Other,32,Ahmedabad,2024-11-19
C00707,Customer_00707,M,46,Chennai,2025-03-16
C00708,Customer_00708,F,25,Kolkata,2024-04-21
C00709,Customer_00709,M,54,Kolkata,2025-11-26
C00710,Customer_00710,F,50,Chennai,2024-01-07
C00711,Customer_00711,F,39,Ahmedabad,2025-07-16
C00712,Customer_00712,F,22,Jaipur,2024-09-01
C00713,Customer_00713,M,56,Delhi,2025-03-23
C00714,Customer_00714,M,35,Delhi,2024-12-30
C00715,Customer_00715,M,55,Ahmedabad,2025-01-01
C00716,Customer_00716,F,54,Hyderabad,2025-11-28
C00717,Customer_00717,F,47,Delhi,2024-10-13
C00718,Customer_00718,F,48,Pune,2025-08-26
C00719,Customer_00719,M,27,Delhi,2024-04-15
C00720,Customer_00720,F,32,Pune,2024-01-13
C00721,Customer_00721,F,59,Chennai,2024-05-25
C00722,Customer_00722,M,35,Jaipur,2025-04-22
C00723,Customer_00723,M,40,Vijayawada,2025-09-22
C00724,Customer_00724,F,50,Jaipur,2025-12-15
C00725,Customer_00725,F,33,Delhi,2025-10-14
C00726,Customer_00726,F,55,Delhi,2024-04-24
C00727,Customer_00727,M,52,Ahmedabad,2025-05-23
C00728,Customer_00728,F,51,Vijayawada,2024-05-31
C00729,Customer_00729,M,45,Delhi,2024-02-26
C00730,Customer_00730,M,19,Bengaluru,2025-01-16
C00731,Customer_00731,M,47,Bengaluru,2024-06-05
C00732,Customer_00732,F,30,Hyderabad,2024-05-12
C00733,Customer_00733,F,58,Chennai,2024-06-11
C00734,Customer_00734,F,33,Pune,2024-10-01
C00735,Customer_00735,M,22,Jaipur,2025-11-25
C00736,Customer_00736,F,45,Chennai,2024-03-17
C00737,Customer_00737,M,56,Pune,2024-02-13
C00738,Customer_00738,F,37,Pune,2025-12-18
C00739,Customer_00739,M,41,Mumbai,2025-07-03
C00740,Customer_00740,M,44,Delhi,2024-11-13
C00741,Customer_00741,M,47,Hyderabad,2025-06-17
C00742,Customer_00742,M,44,Delhi,2025-08-07
C00743,Customer_00743,F,43,Hyderabad,2024-06-02
C00744,Customer_00744,F,24,Chennai,2024-08-24
C00745,Customer_00745,M,59,Ahmedabad,2025-05-31
C00746,Customer_00746,F,55,Ahmedabad,2024-08-08
C00747,Customer_00747,M,22,Chennai,2024-11-05
C00748,Customer_00748,F,40,Vijayawada,2025-08-20
C00749,Customer_00749,F,45,Bengaluru,2024-06-25
C00750,Customer_00750,F,51,Pune,2024-08-07
C00751,Customer_00751,M,32,Hyderabad,2024-02-07
C00752,Customer_00752,F,49,Kolkata,2025-10-15
C00753,Customer_00753,F,43,Delhi,2025-03-06
C00754,Customer_00754,M,48,Chennai,2024-07-21
C00755,Customer_00755,M,36,Pune,2025-03-23
C00756,Customer_00756,F,26,Hyderabad,2025-05-09
C00757,Customer_00757,F,46,Jaipur,2025-11-14
C00758,Customer_00758,F,56,Vijayawada,2024-05-04
C00759,Customer_00759,F,21,Delhi,2024-03-05
C00760,Customer_00760,F,20,Ahmedabad,2024-08-31
C00761,Customer_00761,M,46,Chennai,2025-06-10
C00762,Customer_00762,M,28,Ahmedabad,2024-08-13
C00763,Customer_00763,M,50,Hyderabad,2025-04-09
C00764,Customer_00764,F,55,Ahmedabad,2025-10-04
C00765,Customer_00765,M,28,Delhi,2025-12-07
C00766,Customer_00766,F,44,Bengaluru,2024-10-19
C00767,Customer_00767,F,50,Pune,2025-12-21
C00768,Customer_00768,F,38,Bengaluru,2025-01-15
C00769,Customer_00769,M,56,Chennai,2025-09-16
C00770,Customer_00770,F,48,Bengaluru,2024-06-14
C00771,Customer_00771,M,55,Mumbai,2025-12-03
C00772,Customer_00772,F,19,Pune,2024-08-05
C00773,Customer_00773,M,44,Hyderabad,2024-10-01
C00774,Customer_00774,M,53,Pune,2024-02-21
C00775,Customer_00775,F,28,Mumbai,2025-01-08
C00776,Customer_00776,M,35,Kolkata,2025-10-31
C00777,Customer_00777,M,18,Bengaluru,2024-12-28
C00778,Customer_00778,F,52,Pune,2025-07-20
C00779,Customer_00779,F,52,Ahmedabad,2024-01-14
C00780,Customer_00780,F,48,Hyderabad,2024-12-05
C00781,Customer_00781,F,45,Jaipur,2025-08-24
C00782,Customer_00782,F,56,Chennai,2025-06-22
C00783,Customer_00783,M,18,Chennai,2024-03-29
C00784,Customer_00784,M,42,Chennai,2024-02-10
C00785,Customer_00785,M,60,Pune,2024-10-30
C00786,Customer_00786,F,55,Bengaluru,2024-09-24
C00787,Customer_00787,F,37,Pune,2024-05-17
C00788,Customer_00788,M,20,Delhi,2024-01-06
C00789,Customer_00789,M,19,Ahmedabad,2024-08-29
C00790,Customer_00790,F,35,Jaipur,2024-06-10
C00791,Customer_00791,M,27,Jaipur,2025-11-22
C00792,Customer_00792,F,22,Ahmedabad,2025-06-01
C00793,Customer_00793,F,26,Mumbai,2025-02-04
C00794,Customer_00794,F,19,Vijayawada,2024-06-04
C00795,Customer_00795,M,51,Delhi,2024-03-25
C00796,Customer_00796,F,55,Hyderabad,2025-12-12
C00797,Customer_00797,F,48,Jaipur,2024-01-10
C00798,Customer_00798,F,27,Chennai,2024-05-17
C00799,Customer_00799,F,29,Pune,2025-12-13
C00800,Customer_00800,F,53,Mumbai,2024-06-04
C00801,Customer_00801,F,38,Vijayawada,2025-02-11
C00802,Customer_00802,M,23,Ahmedabad,2024-08-12
C00803,Customer_00803,F,20,Kolkata,2025-08-02
C00804,Customer_00804,F,27,Hyderabad,2024-07-02
C00805,Customer_00805,M,22,Vijayawada,2024-07-13
C00806,Customer_00806,F,43,Chennai,2025-07-07
C00807,Customer_00807,F,38,Vijayawada,2025-01-30
C00808,Customer_00808,F,43,Jaipur,2025-10-24
C00809,Customer_00809,M,55,Pune,2025-08-18
C00810,Customer_00810,M,43,Ahmedabad,2024-05-13
C00811,Customer_00811,Other,25,Vijayawada,2024-11-04
C00812,Customer_00812,F,22,Hyderabad,2025-06-25
C00813,Customer_00813,M,32,Vijayawada,2024-01-09
C00814,Customer_00814,F,33,Kolkata,2024-06-18
C00815,Customer_00815,F,18,Mumbai,2024-10-16
C00816,Customer_00816,F,33,Jaipur,2024-06-16
C00817,Customer_00817,F,54,Pune,2024-12-09
C00818,Customer_00818,M,20,Chennai,2025-05-11
C00819,Customer_00819,M,48,Ahmedabad,2024-05-24
C00820,Customer_00820,M,30,Ahmedabad,2025-02-16
C00821,Customer_00821,F,33,Mumbai,2025-08-10
C00822,Customer_00822,M,60,Bengaluru,2025-11-19
C00823,Customer_00823,M,38,Bengaluru,2025-04-01
C00824,Customer_00824,M,19,Chennai,2025-12-01
C00825,Customer_00825,F,44,Vijayawada,2024-10-28
C00826,Customer_00826,F,55,Kolkata,2024-02-15
C00827,Customer_00827,M,43,Ahmedabad,2024-01-17
C00828,Customer_00828,M,55,Vijayawada,2025-07-31
C00829,Customer_00829,F,42,Ahmedabad,2024-12-25
C00830,Customer_00830,M,28,Ahmedabad,2024-09-17
C00831,Customer_00831,M,25,Vijayawada,2024-05-02
C00832,Customer_00832,M,25,Mumbai,2024-08-18
C00833,Customer_00833,M,50,Bengaluru,2025-09-28
C00834,Customer_00834,M,24,Delhi,2024-04-21
C00835,Customer_00835,F,55,Hyderabad,2025-08-15
C00836,Customer_00836,M,38,Mumbai,2024-09-02
C00837,Customer_00837,F,25,Jaipur,2025-01-25
C00838,Customer_00838,M,38,Kolkata,2025-01-26
C00839,Customer_00839,F,37,Kolkata,2024-11-23
C00840,Customer_00840,F,25,Hyderabad,2024-08-02
C00841,Customer_00841,M,48,Kolkata,2025-01-01
C00842,Customer_00842,F,46,Vijayawada,2024-03-22
C00843,Customer_00843,M,26,Kolkata,2024-03-16
C00844,Customer_00844,F,32,Delhi,2025-06-10
C00845,Customer_00845,M,47,Kolkata,2025-05-17
C00846,Customer_00846,M,43,Ahmedabad,2025-04-23
C00847,Customer_00847,M,27,Mumbai,2025-01-06
C00848,Customer_00848,Other,46,Vijayawada,2024-09-21
C00849,Customer_00849,F,33,Bengaluru,2024-09-20
C00850,Customer_00850,F,53,Kolkata,2024-04-19
C00851,Customer_00851,M,37,Chennai,2024-11-02
C00852,Customer_00852,F,54,Chennai,2024-07-18
C00853,Customer_00853,M,39,Chennai,2024-08-13
C00854,Customer_00854,F,24,Kolkata,2024-07-03
C00855,Customer_00855,M,40,Jaipur,2024-01-31
C00856,Customer_00856,M,58,Ahmedabad,2025-09-05
C00857,Customer_00857,M,57,Pune,2024-04-08
C00858,Customer_00858,M,46,Kolkata,2024-12-04
C00859,Customer_00859,F,33,Jaipur,2024-09-22
C00860,Customer_00860,M,55,Pune,2025-10-13
C00861,Customer_00861,F,45,Hyderabad,2024-12-15
C00862,Customer_00862,M,55,Delhi,2025-12-28
C00863,Customer_00863,F,48,Ahmedabad,2025-06-27
C00864,Customer_00864,M,31,Kolkata,2025-04-01
C00865,Customer_00865,M,50,Mumbai,2024-03-28
C00866,Customer_00866,F,26,Vijayawada,2024-03-03
C00867,Customer_00867,M,44,Mumbai,2025-01-21
C00868,Customer_00868,M,41,Mumbai,2025-04-03
C00869,Customer_00869,F,30,Hyderabad,2025-08-08
C00870,Customer_00870,F,43,Vijayawada,2025-09-27
C00871,Customer_00871,M,46,Hyderabad,2024-09-25
C00872,Customer_00872,M,60,Pune,2025-09-24
C00873,Customer_00873,F,45,Hyderabad,2024-12-11
C00874,Customer_00874,M,45,Chennai,2025-12-24
C00875,Customer_00875,M,25,Delhi,2025-10-21
C00876,Customer_00876,M,40,Chennai,2024-03-18
C00877,Customer_00877,F,46,Kolkata,2024-12-30
C00878,Customer_00878,F,22,Pune,2024-01-14
C00879,Customer_00879,M,59,Jaipur,2024-05-15
C00880,Customer_00880,M,24,Pune,2024-10-30
C00881,Customer_00881,M,59,Jaipur,2025-01-31
C00882,Customer_00882,F,53,Delhi,2024-03-19
C00883,Customer_00883,M,58,Hyderabad,2025-12-05
C00884,Customer_00884,M,44,Hyderabad,2025-02-21
C00885,Customer_00885,F,19,Vijayawada,2024-08-29
C00886,Customer_00886,M,42,Kolkata,2024-02-20
C00887,Customer_00887,F,26,Mumbai,2025-01-18
C00888,Customer_00888,M,44,Bengaluru,2025-01-09
C00889,Customer_00889,M,18,Pune,2025-12-30
C00890,Customer_00890,M,40,Pune,2024-07-24
C00891,Customer_00891,F,27,Kolkata,2025-05-03
C00892,Customer_00892,F,59,Chennai,2025-01-15
C00893,Customer_00893,F,42,Ahmedabad,2024-11-06
C00894,Customer_00894,M,20,Kolkata,2025-01-09
C00895,Customer_00895,F,23,Bengaluru,2025-09-23
C00896,Customer_00896,M,23,Hyderabad,2025-08-14
C00897,Customer_00897,M,19,Jaipur,2024-02-11
C00898,Customer_00898,F,35,Chennai,2025-06-16
C00899,Customer_00899,M,40,Chennai,2025-06-05
C00900,Customer_00900,M,19,Vijayawada,2024-06-01
C00901,Customer_00901,M,29,Delhi,2024-11-07
C00902,Customer_00902,M,39,Bengaluru,2024-10-20
C00903,Customer_00903,M,54,Chennai,2025-08-20
C00904,Customer_00904,F,37,Bengaluru,2024-04-22
C00905,Customer_00905,M,56,Kolkata,2025-12-01
C00906,Customer_00906,F,41,Jaipur,2024-04-21
C00907,Customer_00907,F,37,Jaipur,2024-06-23
C00908,Customer_00908,M,18,Pune,2024-10-28
C00909,Customer_00909,M,18,Hyderabad,2025-05-30
C00910,Customer_00910,M,34,Pune,2024-08-08
C00911,Customer_00911,F,18,Chennai,2024-06-19
C00912,Customer_00912,M,47,Delhi,2024-11-13
C00913,Customer_00913,F,58,Pune,2024-07-31
C00914,Customer_00914,M,20,Pune,2024-09-09
C00915,Customer_00915,F,28,Pune,2024-05-03
C00916,Customer_00916,M,41,Bengaluru,2025-10-01
C00917,Customer_00917,M,39,Kolkata,2024-07-31
C00918,Customer_00918,F,43,Delhi,2025-09-15
C00919,Customer_00919,F,30,Jaipur,2024-03-25
C00920,Customer_00920,M,18,Vijayawada,2025-05-30
C00921,Customer_00921,F,41,Bengaluru,2024-03-05
C00922,Customer_00922,M,27,Chennai,2024-11-13
C00923,Customer_00923,F,52,Delhi,2024-12-11
C00924,Customer_00924,F,41,Jaipur,2025-09-23
C00925,Customer_00925,M,45,Delhi,2024-08-30
C00926,Customer_00926,M,53,Ahmedabad,2024-05-16
C00927,Customer_00927,M,33,Ahmedabad,2024-09-03
C00928,Customer_00928,F,57,Pune,2025-03-16
C00929,Customer_00929,F,33,Pune,2024-02-14
C00930,Customer_00930,M,34,Ahmedabad,2025-10-19
C00931,Customer_00931,M,32,Vijayawada,2025-11-18
C00932,Customer_00932,F,33,Jaipur,2025-07-07
C00933,Customer_00933,Other,32,Chennai,2024-03-29
C00934,Customer_00934,F,51,Hyderabad,2025-12-30
C00935,Customer_00935,M,28,Hyderabad,2024-08-15
C00936,Customer_00936,M,18,Bengaluru,2024-10-17
C00937,Customer_00937,M,32,Vijayawada,2025-02-25
C00938,Customer_00938,F,43,Vijayawada,2024-03-07
C00939,Customer_00939,M,21,Chennai,2024-09-07
C00940,Customer_00940,F,60,Delhi,2024-02-10
C00941,Customer_00941,M,22,Hyderabad,2024-04-08
C00942,Customer_00942,F,52,Delhi,2024-11-01
C00943,Customer_00943,F,30,Delhi,2025-03-31
C00944,Customer_00944,F,27,Vijayawada,2025-08-13
C00945,Customer_00945,M,28,Delhi,2024-10-27
C00946,Customer_00946,M,35,Hyderabad,2024-07-17
C00947,Customer_00947,M,51,Jaipur,2025-10-20
C00948,Customer_00948,F,56,Mumbai,2025-05-02
C00949,Customer_00949,F,58,Delhi,2024-04-15
C00950,Customer_00950,F,59,Chennai,2025-02-04
C00951,Customer_00951,F,40,Kolkata,2025-12-05
C00952,Customer_00952,F,24,Pune,2025-04-21
C00953,Customer_00953,M,56,Chennai,2024-05-01
C00954,Customer_00954,F,20,Ahmedabad,2024-03-17
C00955,Customer_00955,M,29,Hyderabad,2024-11-07
C00956,Customer_00956,M,24,Kolkata,2024-04-21
C00957,Customer_00957,F,43,Pune,2025-11-12
C00958,Customer_00958,M,50,Chennai,2025-06-01
C00959,Customer_00959,M,54,Kolkata,2024-07-15
C00960,Customer_00960,F,32,Mumbai,2024-04-07
C00961,Customer_00961,M,19,Hyderabad,2025-04-03
C00962,Customer_00962,F,58,Jaipur,2024-08-17
C00963,Customer_00963,M,24,Bengaluru,2024-06-16
C00964,Customer_00964,M,49,Vijayawada,2024-01-08
C00965,Customer_00965,M,21,Mumbai,2024-06-20
C00966,Customer_00966,M,37,Ahmedabad,2024-12-25
C00967,Customer_00967,F,53,Vijayawada,2024-07-13
C00968,Customer_00968,M,49,Jaipur,2024-09-25
C00969,Customer_00969,F,45,Mumbai,2024-01-19
C00970,Customer_00970,M,30,Pune,2024-12-19
C00971,Customer_00971,F,18,Kolkata,2024-02-18
C00972,Customer_00972,F,52,Hyderabad,2025-04-08
C00973,Customer_00973,F,47,Kolkata,2024-12-21
C00974,Customer_00974,M,53,Delhi,2024-06-06
C00975,Customer_00975,M,42,Chennai,2024-03-06
C00976,Customer_00976,M,33,Ahmedabad,2025-07-24
C00977,Customer_00977,F,36,Delhi,2024-11-03
C00978,Customer_00978,M,18,Delhi,2024-12-02
C00979,Customer_00979,F,22,Ahmedabad,2025-11-01
C00980,Customer_00980,F,39,Chennai,2024-04-30
C00981,Customer_00981,M,41,Pune,2025-02-07
C00982,Customer_00982,F,60,Chennai,2025-10-08
C00983,Customer_00983,M,54,Hyderabad,2025-07-21
C00984,Customer_00984,M,53,Kolkata,2024-04-05
C00985,Customer_00985,F,53,Pune,2024-04-23
C00986,Customer_00986,F,21,Bengaluru,2025-03-04
C00987,Customer_00987,F,53,Kolkata,2025-06-23
C00988,Customer_00988,M,35,Pune,2024-01-02
C00989,Customer_00989,M,33,Chennai,2024-07-30
C00990,Customer_00990,F,58,Ahmedabad,2025-08-02
C00991,Customer_00991,F,35,Chennai,2025-10-01
C00992,Customer_00992,F,39,Bengaluru,2024-11-28
C00993,Customer_00993,M,19,Pune,2024-01-24
C00994,Customer_00994,F,38,Hyderabad,2025-01-02
C00995,Customer_00995,M,53,Chennai,2025-05-20
C00996,Customer_00996,M,56,Pune,2024-06-24
C00997,Customer_00997,F,56,Kolkata,2025-03-04
C00998,Customer_00998,M,46,Bengaluru,2025-03-17
C00999,Customer_00999,F,43,Hyderabad,2025-07-01
C01000,Customer_01000,M,38,Pune,2025-05-28
C01001,Customer_01001,M,34,Mumbai,2024-12-26
C01002,Customer_01002,F,33,Chennai,2024-09-30
C01003,Customer_01003,F,48,Bengaluru,2024-06-25
C01004,Customer_01004,F,26,Hyderabad,2024-09-20
C01005,Customer_01005,F,48,Hyderabad,2024-07-04
C01006,Customer_01006,F,31,Delhi,2025-06-10
C01007,Customer_01007,F,54,Vijayawada,2024-10-05
C01008,Customer_01008,F,19,Bengaluru,2025-12-06
C01009,Customer_01009,M,31,Hyderabad,2024-07-16
C01010,Customer_01010,M,50,Pune,2024-12-14
C01011,Customer_01011,M,52,Delhi,2025-02-24
C01012,Customer_01012,Other,56,Vijayawada,2024-10-31
C01013,Customer_01013,F,37,Kolkata,2024-03-04
C01014,Customer_01014,M,19,Pune,2024-10-16
C01015,Customer_01015,F,58,Chennai,2024-01-18
C01016,Customer_01016,F,36,Vijayawada,2024-03-04
C01017,Customer_01017,M,54,Bengaluru,2024-11-25
C01018,Customer_01018,F,35,Chennai,2024-01-17
C01019,Customer_01019,F,33,Jaipur,2025-03-18
C01020,Customer_01020,M,21,Jaipur,2024-05-20
C01021,Customer_01021,F,29,Bengaluru,2024-11-03
C01022,Customer_01022,M,46,Kolkata,2025-03-19
C01023,Customer_01023,F,24,Vijayawada,2025-05-10
C01024,Customer_01024,F,31,Delhi,2025-03-01
C01025,Customer_01025,F,29,Mumbai,2025-04-19
C01026,Customer_01026,M,52,Hyderabad,2024-09-01
C01027,Customer_01027,F,22,Mumbai,2025-03-25
C01028,Customer_01028,F,34,Jaipur,2024-12-16
C01029,Customer_01029,M,59,Jaipur,2025-08-21
C01030,Customer_01030,F,49,Kolkata,2025-12-11
C01031,Customer_01031,M,27,Mumbai,2024-06-09
C01032,Customer_01032,F,60,Mumbai,2024-05-19
C01033,Customer_01033,M,34,Delhi,2025-05-07
C01034,Customer_01034,M,22,Kolkata,2025-08-10
C01035,Customer_01035,M,59,Kolkata,2025-06-14
C01036,Customer_01036,F,26,Bengaluru,2025-01-27
C01037,Customer_01037,M,50,Chennai,2025-02-04
C01038,Customer_01038,F,53,Kolkata,2024-02-19
C01039,Customer_01039,M,53,Kolkata,2024-10-21
C01040,Customer_01040,M,35,Pune,2025-02-28
C01041,Customer_01041,F,26,Vijayawada,2024-01-12
C01042,Customer_01042,F,46,Vijayawada,2024-11-30
C01043,Customer_01043,M,31,Ahmedabad,2024-01-15
C01044,Customer_01044,F,42,Mumbai,2024-01-28
C01045,Customer_01045,F,32,Hyderabad,2025-01-22
C01046,Customer_01046,F,23,Mumbai,2024-10-18
C01047,Customer_01047,M,59,Bengaluru,2024-09-06
C01048,Customer_01048,M,46,Bengaluru,2025-05-19
C01049,Customer_01049,F,32,Bengaluru,2024-04-07
C01050,Customer_01050,M,46,Chennai,2024-12-02
C01051,Customer_01051,F,21,Hyderabad,2024-02-08
C01052,Customer_01052,F,35,Vijayawada,2024-02-07
C01053,Customer_01053,F,56,Delhi,2024-10-26
C01054,Customer_01054,F,33,Vijayawada,2024-06-27
C01055,Customer_01055,Other,28,Chennai,2025-08-31
C01056,Customer_01056,M,31,Bengaluru,2025-04-13
C01057,Customer_01057,F,20,Chennai,2024-10-08
C01058,Customer_01058,M,59,Vijayawada,2024-06-12
C01059,Customer_01059,M,55,Delhi,2025-03-28
C01060,Customer_01060,F,59,Ahmedabad,2024-04-06
C01061,Customer_01061,F,35,Hyderabad,2024-11-04
C01062,Customer_01062,Other,37,Chennai,2024-09-18
C01063,Customer_01063,F,42,Vijayawada,2024-10-19
C01064,Customer_01064,M,55,Hyderabad,2024-09-05
C01065,Customer_01065,M,30,Vijayawada,2024-09-01
C01066,Customer_01066,F,21,Vijayawada,2024-09-07
C01067,Customer_01067,M,31,Delhi,2024-05-02
C01068,Customer_01068,M,50,Ahmedabad,2024-11-20
C01069,Customer_01069,M,45,Hyderabad,2025-11-11
C01070,Customer_01070,M,54,Bengaluru,2025-05-15
C01071,Customer_01071,M,25,Hyderabad,2025-11-17
C01072,Customer_01072,M,51,Kolkata,2025-12-16
C01073,Customer_01073,M,22,Bengaluru,2024-03-06
C01074,Customer_01074,M,22,Hyderabad,2024-02-28
C01075,Customer_01075,Other,48,Pune,2025-05-12
C01076,Customer_01076,M,26,Pune,2025-01-07
C01077,Customer_01077,M,59,Vijayawada,2024-09-22
C01078,Customer_01078,F,49,Bengaluru,2025-10-14
C01079,Customer_01079,M,50,Hyderabad,2024-08-23
C01080,Customer_01080,F,20,Vijayawada,2024-08-05
C01081,Customer_01081,F,47,Mumbai,2025-06-10
C01082,Customer_01082,M,29,Vijayawada,2025-03-16
C01083,Customer_01083,M,46,Chennai,2025-10-11
C01084,Customer_01084,F,20,Pune,2025-02-09
C01085,Customer_01085,F,43,Mumbai,2025-08-23
C01086,Customer_01086,M,47,Jaipur,2025-08-11
C01087,Customer_01087,F,26,Chennai,2025-10-09
C01088,Customer_01088,M,43,Bengaluru,2025-04-13
C01089,Customer_01089,Other,19,Vijayawada,2024-04-19
C01090,Customer_01090,M,20,Pune,2024-12-18
C01091,Customer_01091,F,21,Ahmedabad,2024-03-31
C01092,Customer_01092,F,42,Pune,2025-02-17
C01093,Customer_01093,F,30,Delhi,2025-12-02
C01094,Customer_01094,F,56,Pune,2024-03-13
C01095,Customer_01095,M,52,Ahmedabad,2025-11-15
C01096,Customer_01096,M,40,Ahmedabad,2025-06-30
C01097,Customer_01097,M,26,Vijayawada,2025-12-22
C01098,Customer_01098,M,19,Bengaluru,2024-10-24
C01099,Customer_01099,F,58,Ahmedabad,2025-10-06
C01100,Customer_01100,M,48,Pune,2024-10-09
C01101,Customer_01101,M,19,Bengaluru,2025-05-19
C01102,Customer_01102,F,49,Hyderabad,2024-07-16
C01103,Customer_01103,F,35,Pune,2024-02-01
C01104,Customer_01104,F,30,Kolkata,2025-10-09
C01105,Customer_01105,Other,22,Vijayawada,2024-12-06
C01106,Customer_01106,M,59,Chennai,2025-10-19
C01107,Customer_01107,M,27,Vijayawada,2024-11-29
C01108,Customer_01108,F,60,Ahmedabad,2024-05-22
C01109,Customer_01109,F,42,Jaipur,2025-02-13
C01110,Customer_01110,M,51,Delhi,2024-02-13
C01111,Customer_01111,F,54,Kolkata,2024-02-01
C01112,Customer_01112,M,47,Ahmedabad,2024-01-28
C01113,Customer_01113,M,24,Pune,2025-02-26
C01114,Customer_01114,F,23,Bengaluru,2025-05-05
C01115,Customer_01115,F,20,Kolkata,2024-06-08
C01116,Customer_01116,F,30,Jaipur,2024-07-25
C01117,Customer_01117,M,20,Chennai,2024-01-18
C01118,Customer_01118,F,43,Bengaluru,2024-04-12
C01119,Customer_01119,M,41,Delhi,2025-08-04
C01120,Customer_01120,M,23,Mumbai,2025-09-22
C01121,Customer_01121,F,60,Delhi,2025-10-12
C01122,Customer_01122,F,59,Vijayawada,2025-11-02
C01123,Customer_01123,F,29,Kolkata,2024-08-19
C01124,Customer_01124,F,53,Vijayawada,2025-10-21
C01125,Customer_01125,F,19,Ahmedabad,2025-02-27
C01126,Customer_01126,F,28,Hyderabad,2025-06-30
C01127,Customer_01127,M,56,Ahmedabad,2024-08-26
C01128,Customer_01128,M,51,Chennai,2024-11-29
C01129,Customer_01129,M,43,Kolkata,2024-05-28
C01130,Customer_01130,M,35,Hyderabad,2025-09-14
C01131,Customer_01131,F,38,Bengaluru,2025-02-11
C01132,Customer_01132,F,53,Hyderabad,2024-01-17
C01133,Customer_01133,M,57,Chennai,2024-08-13
C01134,Customer_01134,M,39,Pune,2025-10-13
C01135,Customer_01135,F,47,Vijayawada,2025-10-17
C01136,Customer_01136,M,60,Jaipur,2024-09-16
C01137,Customer_01137,F,47,Ahmedabad,2025-12-29
C01138,Customer_01138,F,25,Kolkata,2025-11-04
C01139,Customer_01139,M,51,Chennai,2025-08-26
C01140,Customer_01140,F,26,Mumbai,2024-06-22
C01141,Customer_01141,F,37,Jaipur,2024-07-23
C01142,Customer_01142,M,57,Chennai,2025-02-18
C01143,Customer_01143,F,42,Mumbai,2025-05-22
C01144,Customer_01144,F,36,Mumbai,2024-06-01
C01145,Customer_01145,M,22,Mumbai,2024-04-12
C01146,Customer_01146,F,28,Pune,2025-12-14
C01147,Customer_01147,F,32,Hyderabad,2024-03-05
C01148,Customer_01148,F,25,Delhi,2024-04-26
C01149,Customer_01149,F,36,Ahmedabad,2025-10-26
C01150,Customer_01150,F,40,Mumbai,2024-06-04
C01151,Customer_01151,F,44,Chennai,2025-11-06
C01152,Customer_01152,F,57,Bengaluru,2024-03-22
C01153,Customer_01153,F,49,Bengaluru,2025-06-01
C01154,Customer_01154,F,43,Kolkata,2024-03-07
C01155,Customer_01155,F,44,Vijayawada,2024-08-25
C01156,Customer_01156,F,36,Mumbai,2025-08-06
C01157,Customer_01157,M,59,Chennai,2025-08-29
C01158,Customer_01158,F,46,Mumbai,2024-11-21
C01159,Customer_01159,F,56,Pune,2025-08-12
C01160,Customer_01160,M,58,Vijayawada,2024-03-07
C01161,Customer_01161,F,50,Mumbai,2024-06-24
C01162,Customer_01162,M,36,Ahmedabad,2025-11-14
C01163,Customer_01163,M,54,Bengaluru,2025-04-22
C01164,Customer_01164,F,36,Mumbai,2024-09-11
C01165,Customer_01165,M,50,Ahmedabad,2024-03-03
C01166,Customer_01166,F,33,Ahmedabad,2025-02-06
C01167,Customer_01167,F,40,Hyderabad,2024-07-10
C01168,Customer_01168,F,24,Ahmedabad,2024-11-24
C01169,Customer_01169,M,43,Vijayawada,2024-03-11
C01170,Customer_01170,M,49,Bengaluru,2024-03-03
C01171,Customer_01171,F,29,Kolkata,2024-10-23
C01172,Customer_01172,Other,25,Pune,2024-09-01
C01173,Customer_01173,F,22,Bengaluru,2025-06-02
C01174,Customer_01174,M,59,Chennai,2025-01-27
C01175,Customer_01175,F,45,Kolkata,2025-08-23
C01176,Customer_01176,F,22,Ahmedabad,2024-06-25
C01177,Customer_01177,F,43,Mumbai,2024-07-22
C01178,Customer_01178,M,22,Hyderabad,2025-10-07
C01179,Customer_01179,F,39,Kolkata,2025-08-16
C01180,Customer_01180,F,32,Chennai,2025-06-16
C01181,Customer_01181,F,30,Chennai,2024-05-07
C01182,Customer_01182,M,45,Kolkata,2024-07-13
C01183,Customer_01183,F,50,Hyderabad,2024-07-12
C01184,Customer_01184,F,60,Ahmedabad,2024-07-02
C01185,Customer_01185,M,40,Vijayawada,2024-09-03
C01186,Customer_01186,F,50,Chennai,2024-11-19
C01187,Customer_01187,F,60,Ahmedabad,2024-06-08
C01188,Customer_01188,M,35,Vijayawada,2025-12-06
C01189,Customer_01189,M,47,Vijayawada,2025-09-13
C01190,Customer_01190,F,43,Chennai,2024-03-06
C01191,Customer_01191,M,33,Kolkata,2024-09-10
C01192,Customer_01192,F,30,Vijayawada,2024-10-09
C01193,Customer_01193,M,56,Mumbai,2024-02-29
C01194,Customer_01194,F,50,Bengaluru,2024-04-27
C01195,Customer_01195,M,43,Pune,2025-02-26
C01196,Customer_01196,F,18,Chennai,2025-07-09
C01197,Customer_01197,F,55,Jaipur,2025-12-22
C01198,Customer_01198,F,19,Vijayawada,2024-02-05
C01199,Customer_01199,F,23,Delhi,2025-06-14
C01200,Customer_01200,M,55,Mumbai,2024-03-31
C01201,Customer_01201,F,59,Jaipur,2024-10-27
C01202,Customer_01202,M,41,Ahmedabad,2025-12-24
C01203,Customer_01203,M,35,Pune,2024-08-04
C01204,Customer_01204,M,44,Hyderabad,2024-04-07
C01205,Customer_01205,M,58,Vijayawada,2025-03-31
C01206,Customer_01206,F,25,Hyderabad,2025-06-14
C01207,Customer_01207,F,45,Pune,2025-06-21
C01208,Customer_01208,M,27,Mumbai,2024-01-28
C01209,Customer_01209,M,34,Mumbai,2025-07-29
C01210,Customer_01210,Other,46,Pune,2024-11-19
C01211,Customer_01211,M,23,Mumbai,2024-08-10
C01212,Customer_01212,M,31,Vijayawada,2024-03-20
C01213,Customer_01213,M,39,Pune,2025-07-16
C01214,Customer_01214,F,23,Chennai,2025-04-02
C01215,Customer_01215,F,43,Delhi,2025-09-05
C01216,Customer_01216,M,56,Ahmedabad,2024-06-24
C01217,Customer_01217,M,29,Bengaluru,2025-06-05
C01218,Customer_01218,F,52,Kolkata,2025-04-01
C01219,Customer_01219,F,31,Delhi,2025-02-26
C01220,Customer_01220,M,39,Bengaluru,2024-04-09
C01221,Customer_01221,F,40,Kolkata,2025-02-06
C01222,Customer_01222,M,24,Hyderabad,2025-07-29
C01223,Customer_01223,M,57,Delhi,2025-01-14
C01224,Customer_01224,F,42,Jaipur,2025-06-14
C01225,Customer_01225,M,30,Delhi,2024-11-27
C01226,Customer_01226,F,38,Mumbai,2024-11-13
C01227,Customer_01227,M,58,Vijayawada,2025-10-14
C01228,Customer_01228,M,27,Vijayawada,2025-06-20
C01229,Customer_01229,Other,26,Bengaluru,2024-03-29
C01230,Customer_01230,M,32,Mumbai,2025-08-26
C01231,Customer_01231,F,19,Hyderabad,2025-05-25
C01232,Customer_01232,M,42,Vijayawada,2024-02-11
C01233,Customer_01233,M,30,Ahmedabad,2025-01-23
C01234,Customer_01234,M,51,Hyderabad,2024-03-21
C01235,Customer_01235,F,51,Mumbai,2025-02-05
C01236,Customer_01236,M,52,Mumbai,2024-04-16
C01237,Customer_01237,F,55,Bengaluru,2024-04-20
C01238,Customer_01238,M,20,Chennai,2024-10-03
C01239,Customer_01239,F,59,Vijayawada,2024-08-01
C01240,Customer_01240,M,23,Mumbai,2025-05-20
C01241,Customer_01241,F,36,Mumbai,2024-04-30
C01242,Customer_01242,F,20,Ahmedabad,2024-05-13
C01243,Customer_01243,F,35,Delhi,2025-12-20
C01244,Customer_01244,F,56,Delhi,2025-01-05
C01245,Customer_01245,F,26,Mumbai,2024-09-13
C01246,Customer_01246,F,29,Hyderabad,2025-11-27
C01247,Customer_01247,M,22,Ahmedabad,2024-06-28
C01248,Customer_01248,M,20,Hyderabad,2024-02-17
C01249,Customer_01249,F,28,Kolkata,2025-08-21
C01250,Customer_01250,F,47,Chennai,2024-01-19
C01251,Customer_01251,F,21,Delhi,2024-02-15
C01252,Customer_01252,M,22,Delhi,2025-03-26
C01253,Customer_01253,M,18,Ahmedabad,2024-02-25
C01254,Customer_01254,M,44,Pune,2025-10-18
C01255,Customer_01255,F,45,Hyderabad,2024-04-01
C01256,Customer_01256,M,46,Vijayawada,2024-03-22
C01257,Customer_01257,M,35,Ahmedabad,2024-03-19
C01258,Customer_01258,F,29,Bengaluru,2025-10-23
C01259,Customer_01259,M,30,Pune,2024-10-09
C01260,Customer_01260,F,58,Jaipur,2024-11-06
C01261,Customer_01261,M,19,Hyderabad,2024-06-08
C01262,Customer_01262,F,54,Pune,2024-11-11
C01263,Customer_01263,M,33,Ahmedabad,2025-10-29
C01264,Customer_01264,M,41,Vijayawada,2024-06-04
C01265,Customer_01265,M,52,Bengaluru,2025-12-14
C01266,Customer_01266,M,39,Chennai,2025-04-12
C01267,Customer_01267,M,53,Pune,2025-04-06
C01268,Customer_01268,M,28,Chennai,2024-04-26
C01269,Customer_01269,F,46,Mumbai,2025-10-27
C01270,Customer_01270,M,52,Delhi,2024-12-29
C01271,Customer_01271,F,32,Kolkata,2025-09-22
C01272,Customer_01272,F,48,Delhi,2025-12-11
C01273,Customer_01273,F,59,Jaipur,2025-04-10
C01274,Customer_01274,M,58,Vijayawada,2024-07-02
C01275,Customer_01275,M,60,Bengaluru,2025-10-21
C01276,Customer_01276,M,33,Chennai,2024-06-14
C01277,Customer_01277,M,27,Ahmedabad,2024-03-15
C01278,Customer_01278,Other,49,Chennai,2024-09-28
C01279,Customer_01279,M,19,Vijayawada,2025-11-21
C01280,Customer_01280,F,41,Ahmedabad,2025-05-17
C01281,Customer_01281,F,40,Ahmedabad,2025-07-16
C01282,Customer_01282,F,19,Jaipur,2025-08-09
C01283,Customer_01283,F,55,Vijayawada,2025-10-17
C01284,Customer_01284,M,48,Pune,2024-12-08
C01285,Customer_01285,M,57,Delhi,2025-11-30
C01286,Customer_01286,F,43,Mumbai,2025-09-26
C01287,Customer_01287,M,46,Chennai,2024-09-07
C01288,Customer_01288,M,20,Pune,2024-05-09
C01289,Customer_01289,M,31,Mumbai,2024-12-23
C01290,Customer_01290,M,42,Bengaluru,2025-11-22
C01291,Customer_01291,M,18,Kolkata,2025-02-11
C01292,Customer_01292,M,20,Chennai,2025-05-09
C01293,Customer_01293,F,43,Jaipur,2025-09-13
C01294,Customer_01294,F,35,Mumbai,2025-04-26
C01295,Customer_01295,F,26,Ahmedabad,2024-03-18
C01296,Customer_01296,M,55,Pune,2025-05-28
C01297,Customer_01297,M,40,Delhi,2024-11-16
C01298,Customer_01298,M,38,Jaipur,2024-10-16
C01299,Customer_01299,F,18,Chennai,2024-10-23
C01300,Customer_01300,F,38,Vijayawada,2025-11-11
C01301,Customer_01301,M,44,Pune,2025-04-19
C01302,Customer_01302,F,59,Jaipur,2024-01-23
C01303,Customer_01303,M,23,Kolkata,2024-06-20
C01304,Customer_01304,F,53,Chennai,2024-11-13
C01305,Customer_01305,F,45,Bengaluru,2024-07-11
C01306,Customer_01306,F,34,Delhi,2025-11-11
C01307,Customer_01307,F,57,Bengaluru,2024-04-27
C01308,Customer_01308,F,20,Mumbai,2024-01-06
C01309,Customer_01309,M,29,Vijayawada,2025-04-27
C01310,Customer_01310,F,56,Mumbai,2024-05-11
C01311,Customer_01311,M,29,Delhi,2024-04-02
C01312,Customer_01312,F,19,Pune,2025-06-05
C01313,Customer_01313,F,39,Mumbai,2025-07-16
C01314,Customer_01314,F,40,Vijayawada,2024-10-20
C01315,Customer_01315,M,47,Hyderabad,2025-10-02
C01316,Customer_01316,F,22,Hyderabad,2025-01-26
C01317,Customer_01317,F,26,Jaipur,2024-09-05
C01318,Customer_01318,F,38,Jaipur,2025-09-05
C01319,Customer_01319,M,28,Chennai,2025-08-17
C01320,Customer_01320,M,22,Jaipur,2025-12-03
C01321,Customer_01321,M,52,Kolkata,2025-02-20
C01322,Customer_01322,M,44,Jaipur,2024-05-22
C01323,Customer_01323,F,19,Kolkata,2024-08-24
C01324,Customer_01324,M,41,Jaipur,2024-10-13
C01325,Customer_01325,F,48,Bengaluru,2024-10-03
C01326,Customer_01326,M,50,Ahmedabad,2025-01-21
C01327,Customer_01327,M,56,Kolkata,2025-01-16
C01328,Customer_01328,F,47,Pune,2025-03-25
C01329,Customer_01329,F,54,Chennai,2024-10-17
C01330,Customer_01330,F,45,Delhi,2024-06-17
C01331,Customer_01331,F,48,Kolkata,2025-03-18
C01332,Customer_01332,F,28,Mumbai,2025-10-17
C01333,Customer_01333,M,40,Ahmedabad,2024-07-02
C01334,Customer_01334,Other,19,Bengaluru,2024-02-14
C01335,Customer_01335,F,57,Hyderabad,2024-09-24
C01336,Customer_01336,F,58,Bengaluru,2025-04-20
C01337,Customer_01337,M,44,Jaipur,2024-09-09
C01338,Customer_01338,F,52,Chennai,2025-01-30
C01339,Customer_01339,M,19,Ahmedabad,2024-10-15
C01340,Customer_01340,M,56,Mumbai,2024-07-30
C01341,Customer_01341,M,54,Kolkata,2025-11-19
C01342,Customer_01342,M,38,Bengaluru,2024-01-21
C01343,Customer_01343,F,22,Ahmedabad,2024-11-11
C01344,Customer_01344,F,38,Kolkata,2025-07-17
C01345,Customer_01345,F,46,Chennai,2025-03-13
C01346,Customer_01346,M,37,Delhi,2025-02-26
C01347,Customer_01347,M,55,Hyderabad,2024-08-20
C01348,Customer_01348,M,37,Chennai,2024-05-02
C01349,Customer_01349,Other,42,Jaipur,2025-09-03
C01350,Customer_01350,M,19,Vijayawada,2024-08-01
C01351,Customer_01351,F,49,Delhi,2025-10-08
C01352,Customer_01352,F,43,Jaipur,2025-12-30
C01353,Customer_01353,M,23,Bengaluru,2025-08-22
C01354,Customer_01354,F,58,Delhi,2024-02-09
C01355,Customer_01355,M,20,Jaipur,2024-11-27
C01356,Customer_01356,F,50,Delhi,2025-10-09
C01357,Customer_01357,F,18,Chennai,2024-06-30
C01358,Customer_01358,M,22,Ahmedabad,2024-09-21
C01359,Customer_01359,M,30,Hyderabad,2025-11-24
C01360,Customer_01360,F,36,Hyderabad,2025-06-16
C01361,Customer_01361,F,29,Jaipur,2025-03-07
C01362,Customer_01362,M,42,Jaipur,2024-07-14
C01363,Customer_01363,F,52,Delhi,2025-12-24
C01364,Customer_01364,F,29,Bengaluru,2025-05-23
C01365,Customer_01365,F,47,Jaipur,2025-03-22
C01366,Customer_01366,M,22,Delhi,2025-06-11
C01367,Customer_01367,F,51,Pune,2024-07-20
C01368,Customer_01368,F,39,Hyderabad,2025-12-30
C01369,Customer_01369,M,56,Jaipur,2025-08-27
C01370,Customer_01370,M,30,Chennai,2024-05-12
C01371,Customer_01371,F,20,Mumbai,2024-05-18
C01372,Customer_01372,M,37,Delhi,2025-10-30
C01373,Customer_01373,F,48,Hyderabad,2025-05-07
C01374,Customer_01374,F,22,Jaipur,2024-03-10
C01375,Customer_01375,M,41,Ahmedabad,2024-01-15
C01376,Customer_01376,F,57,Delhi,2024-07-30
C01377,Customer_01377,M,50,Bengaluru,2024-02-29
C01378,Customer_01378,F,25,Jaipur,2024-09-08
C01379,Customer_01379,M,41,Delhi,2025-03-21
C01380,Customer_01380,F,37,Jaipur,2024-01-02
C01381,Customer_01381,M,33,Vijayawada,2024-12-01
C01382,Customer_01382,M,29,Mumbai,2024-01-19
C01383,Customer_01383,F,30,Kolkata,2025-07-14
C01384,Customer_01384,M,59,Kolkata,2024-03-18
C01385,Customer_01385,F,56,Vijayawada,2025-04-16
C01386,Customer_01386,M,42,Delhi,2024-01-28
C01387,Customer_01387,F,49,Bengaluru,2025-07-13
C01388,Customer_01388,M,41,Jaipur,2025-08-30
C01389,Customer_01389,F,26,Delhi,2024-06-13
C01390,Customer_01390,M,57,Ahmedabad,2025-04-02
C01391,Customer_01391,M,40,Bengaluru,2024-06-24
C01392,Customer_01392,M,30,Ahmedabad,2025-08-07
C01393,Customer_01393,M,49,Vijayawada,2024-01-29
C01394,Customer_01394,F,32,Chennai,2025-10-30
C01395,Customer_01395,M,53,Kolkata,2024-10-05
C01396,Customer_01396,F,22,Kolkata,2024-10-09
C01397,Customer_01397,M,39,Jaipur,2025-04-23
C01398,Customer_01398,M,33,Mumbai,2025-06-02
C01399,Customer_01399,F,58,Vijayawada,2024-10-31
C01400,Customer_01400,F,27,Delhi,2025-11-24
C01401,Customer_01401,M,41,Vijayawada,2024-04-18
C01402,Customer_01402,M,35,Delhi,2024-11-19
C01403,Customer_01403,M,35,Vijayawada,2024-07-24
C01404,Customer_01404,F,24,Chennai,2024-08-21
C01405,Customer_01405,F,21,Pune,2025-04-02
C01406,Customer_01406,M,43,Mumbai,2024-07-05
C01407,Customer_01407,F,22,Delhi,2025-04-26
C01408,Customer_01408,F,33,Mumbai,2025-02-10
C01409,Customer_01409,F,52,Bengaluru,2025-05-23
C01410,Customer_01410,F,43,Vijayawada,2025-06-03
C01411,Customer_01411,M,35,Jaipur,2024-02-22
C01412,Customer_01412,M,46,Hyderabad,2025-02-01
C01413,Customer_01413,M,40,Bengaluru,2024-07-17
C01414,Customer_01414,M,31,Ahmedabad,2025-01-25
C01415,Customer_01415,F,32,Kolkata,2025-10-10
C01416,Customer_01416,F,50,Hyderabad,2025-05-12
C01417,Customer_01417,M,42,Chennai,2024-06-20
C01418,Customer_01418,M,38,Vijayawada,2024-03-26
C01419,Customer_01419,M,34,Pune,2025-07-11
C01420,Customer_01420,F,40,Chennai,2024-07-04
C01421,Customer_01421,M,60,Delhi,2024-06-04
C01422,Customer_01422,F,34,Hyderabad,2025-05-07
C01423,Customer_01423,M,31,Kolkata,2025-06-04
C01424,Customer_01424,M,46,Jaipur,2025-09-18
C01425,Customer_01425,Other,37,Pune,2025-10-27
C01426,Customer_01426,F,47,Mumbai,2024-05-09
C01427,Customer_01427,M,36,Vijayawada,2024-03-21
C01428,Customer_01428,F,56,Delhi,2025-01-18
C01429,Customer_01429,F,30,Vijayawada,2025-10-20
C01430,Customer_01430,F,35,Chennai,2024-10-21
C01431,Customer_01431,M,40,Hyderabad,2024-09-25
C01432,Customer_01432,F,50,Chennai,2025-10-06
C01433,Customer_01433,M,56,Hyderabad,2025-07-15
C01434,Customer_01434,F,57,Jaipur,2025-06-18
C01435,Customer_01435,M,35,Kolkata,2025-01-12
C01436,Customer_01436,M,26,Mumbai,2025-01-10
C01437,Customer_01437,M,50,Jaipur,2024-03-28
C01438,Customer_01438,F,49,Bengaluru,2025-09-15
C01439,Customer_01439,M,34,Kolkata,2024-04-20
C01440,Customer_01440,F,36,Jaipur,2025-08-06
C01441,Customer_01441,F,44,Pune,2024-06-02
C01442,Customer_01442,M,23,Vijayawada,2025-04-07
C01443,Customer_01443,F,52,Chennai,2025-07-22
C01444,Customer_01444,M,54,Kolkata,2024-06-04
C01445,Customer_01445,F,51,Pune,2025-09-16
C01446,Customer_01446,M,37,Chennai,2024-11-13
C01447,Customer_01447,F,42,Bengaluru,2025-07-12
C01448,Customer_01448,F,21,Ahmedabad,2024-08-25
C01449,Customer_01449,F,27,Kolkata,2024-11-29
C01450,Customer_01450,F,27,Pune,2024-04-15
C01451,Customer_01451,F,41,Chennai,2025-04-26
C01452,Customer_01452,F,38,Chennai,2025-11-29
C01453,Customer_01453,F,28,Jaipur,2025-11-01
C01454,Customer_01454,F,44,Hyderabad,2025-12-10
C01455,Customer_01455,M,33,Jaipur,2025-01-16
C01456,Customer_01456,F,43,Pune,2025-11-19
C01457,Customer_01457,F,47,Delhi,2024-09-17
C01458,Customer_01458,F,33,Vijayawada,2024-10-19
C01459,Customer_01459,M,24,Kolkata,2024-11-30
C01460,Customer_01460,F,33,Jaipur,2025-10-16
C01461,Customer_01461,M,52,Chennai,2025-12-09
C01462,Customer_01462,F,33,Chennai,2025-04-20
C01463,Customer_01463,M,57,Ahmedabad,2024-08-12
C01464,Customer_01464,F,29,Kolkata,2025-07-08
C01465,Customer_01465,Other,52,Ahmedabad,2025-03-29
C01466,Customer_01466,M,38,Vijayawada,2025-10-24
C01467,Customer_01467,F,60,Bengaluru,2024-10-22
C01468,Customer_01468,M,53,Jaipur,2025-07-28
C01469,Customer_01469,F,34,Mumbai,2025-10-03
C01470,Customer_01470,F,49,Pune,2025-04-07
C01471,Customer_01471,F,58,Pune,2024-08-01
C01472,Customer_01472,F,23,Bengaluru,2025-08-07
C01473,Customer_01473,F,41,Kolkata,2025-09-07
C01474,Customer_01474,M,44,Jaipur,2024-06-06
C01475,Customer_01475,M,37,Vijayawada,2024-09-28
C01476,Customer_01476,F,42,Hyderabad,2024-08-25
C01477,Customer_01477,F,19,Ahmedabad,2024-10-29
C01478,Customer_01478,F,26,Bengaluru,2025-10-31
C01479,Customer_01479,F,45,Hyderabad,2025-09-12
C01480,Customer_01480,M,55,Ahmedabad,2025-06-04
C01481,Customer_01481,F,20,Bengaluru,2024-11-16
C01482,Customer_01482,M,37,Pune,2024-02-28
C01483,Customer_01483,F,23,Pune,2024-12-23
C01484,Customer_01484,M,56,Chennai,2025-12-04
C01485,Customer_01485,M,50,Ahmedabad,2025-10-09
C01486,Customer_01486,M,18,Mumbai,2024-09-07
C01487,Customer_01487,M,54,Vijayawada,2025-03-11
C01488,Customer_01488,F,23,Delhi,2024-05-25
C01489,Customer_01489,M,51,Kolkata,2024-12-17
C01490,Customer_01490,M,32,Kolkata,2025-07-23
C01491,Customer_01491,M,43,Ahmedabad,2025-11-19
C01492,Customer_01492,M,31,Bengaluru,2024-09-01
C01493,Customer_01493,M,24,Bengaluru,2025-07-13
C01494,Customer_01494,M,48,Delhi,2024-10-27
C01495,Customer_01495,F,41,Vijayawada,2025-03-13
C01496,Customer_01496,F,48,Jaipur,2024-04-09
C01497,Customer_01497,F,46,Vijayawada,2025-12-25
C01498,Customer_01498,M,59,Jaipur,2025-04-24
C01499,Customer_01499,M,49,Delhi,2025-02-18
C01500,Customer_01500,F,34,Jaipur,2024-06-13
C01501,Customer_01501,F,31,Mumbai,2025-09-29
C01502,Customer_01502,M,57,Chennai,2024-10-28
C01503,Customer_01503,M,53,Vijayawada,2024-04-30
C01504,Customer_01504,M,41,Jaipur,2024-03-28
C01505,Customer_01505,M,44,Pune,2024-08-04
C01506,Customer_01506,M,42,Mumbai,2025-07-26
C01507,Customer_01507,F,49,Vijayawada,2024-06-27
C01508,Customer_01508,F,35,Jaipur,2025-12-02
C01509,Customer_01509,F,35,Pune,2024-06-11
C01510,Customer_01510,F,54,Delhi,2025-08-15
C01511,Customer_01511,F,43,Delhi,2024-06-18
C01512,Customer_01512,F,26,Ahmedabad,2024-10-27
C01513,Customer_01513,F,52,Kolkata,2025-01-08
C01514,Customer_01514,M,25,Hyderabad,2025-12-08
C01515,Customer_01515,M,37,Pune,2024-07-21
C01516,Customer_01516,M,59,Ahmedabad,2024-02-16
C01517,Customer_01517,F,39,Mumbai,2025-04-07
C01518,Customer_01518,F,36,Jaipur,2025-10-31
C01519,Customer_01519,M,47,Vijayawada,2025-02-11
C01520,Customer_01520,F,45,Bengaluru,2024-07-12
C01521,Customer_01521,M,52,Pune,2025-03-02
C01522,Customer_01522,F,60,Hyderabad,2024-11-12
C01523,Customer_01523,M,28,Bengaluru,2025-04-23
C01524,Customer_01524,M,48,Chennai,2025-02-24
C01525,Customer_01525,M,56,Hyderabad,2024-09-25
C01526,Customer_01526,M,53,Ahmedabad,2025-04-25
C01527,Customer_01527,M,47,Hyderabad,2025-12-11
C01528,Customer_01528,M,40,Jaipur,2024-09-19
C01529,Customer_01529,F,36,Vijayawada,2025-03-01
C01530,Customer_01530,F,29,Mumbai,2024-06-14
C01531,Customer_01531,M,32,Bengaluru,2025-11-22
C01532,Customer_01532,F,48,Hyderabad,2025-03-03
C01533,Customer_01533,F,60,Jaipur,2025-12-04
C01534,Customer_01534,M,54,Delhi,2025-01-31
C01535,Customer_01535,M,54,Hyderabad,2024-08-03
C01536,Customer_01536,M,32,Hyderabad,2024-04-16
C01537,Customer_01537,M,46,Kolkata,2024-04-07
C01538,Customer_01538,F,60,Bengaluru,2025-04-26
C01539,Customer_01539,M,43,Kolkata,2025-05-13
C01540,Customer_01540,F,19,Kolkata,2024-08-17
C01541,Customer_01541,F,37,Vijayawada,2024-09-13
C01542,Customer_01542,M,32,Jaipur,2024-02-12
C01543,Customer_01543,F,21,Kolkata,2024-08-29
C01544,Customer_01544,M,39,Hyderabad,2025-07-07
C01545,Customer_01545,F,55,Ahmedabad,2024-04-04
C01546,Customer_01546,M,40,Ahmedabad,2024-07-06
C01547,Customer_01547,F,43,Delhi,2025-01-19
C01548,Customer_01548,F,28,Ahmedabad,2025-02-03
C01549,Customer_01549,M,45,Delhi,2025-05-20
C01550,Customer_01550,F,19,Ahmedabad,2024-06-15
C01551,Customer_01551,F,25,Chennai,2024-05-04
C01552,Customer_01552,F,46,Delhi,2025-11-03
C01553,Customer_01553,F,28,Pune,2024-03-27
C01554,Customer_01554,F,54,Bengaluru,2025-05-03
C01555,Customer_01555,M,35,Bengaluru,2024-08-13
C01556,Customer_01556,M,31,Bengaluru,2025-10-18
C01557,Customer_01557,F,27,Jaipur,2024-12-10
C01558,Customer_01558,M,52,Vijayawada,2025-06-01
C01559,Customer_01559,F,26,Mumbai,2024-01-31
C01560,Customer_01560,F,52,Vijayawada,2025-12-09
C01561,Customer_01561,M,28,Delhi,2024-10-22
C01562,Customer_01562,M,29,Vijayawada,2025-02-17
C01563,Customer_01563,F,20,Ahmedabad,2024-05-14
C01564,Customer_01564,M,56,Delhi,2025-06-08
C01565,Customer_01565,F,31,Vijayawada,2024-01-04
C01566,Customer_01566,M,45,Vijayawada,2024-06-26
C01567,Customer_01567,F,28,Kolkata,2024-09-15
C01568,Customer_01568,M,56,Chennai,2025-10-13
C01569,Customer_01569,F,42,Jaipur,2024-03-05
C01570,Customer_01570,M,38,Delhi,2024-12-28
C01571,Customer_01571,F,27,Mumbai,2025-12-17
C01572,Customer_01572,M,60,Bengaluru,2024-01-17
C01573,Customer_01573,F,32,Hyderabad,2024-07-18
C01574,Customer_01574,F,36,Pune,2025-06-27
C01575,Customer_01575,M,39,Vijayawada,2024-07-30
C01576,Customer_01576,M,38,Bengaluru,2025-03-10
C01577,Customer_01577,M,49,Ahmedabad,2024-09-29
C01578,Customer_01578,F,40,Pune,2024-10-16
C01579,Customer_01579,F,30,Chennai,2025-04-27
C01580,Customer_01580,F,22,Bengaluru,2024-08-21
C01581,Customer_01581,M,21,Kolkata,2025-02-11
C01582,Customer_01582,M,45,Bengaluru,2025-11-24
C01583,Customer_01583,F,31,Chennai,2024-05-25
C01584,Customer_01584,F,25,Bengaluru,2025-07-15
C01585,Customer_01585,Other,26,Vijayawada,2025-03-05
C01586,Customer_01586,M,52,Bengaluru,2025-03-07
C01587,Customer_01587,F,54,Kolkata,2025-09-06
C01588,Customer_01588,M,38,Jaipur,2025-06-28
C01589,Customer_01589,M,35,Chennai,2025-05-11
C01590,Customer_01590,F,50,Kolkata,2024-03-29
C01591,Customer_01591,F,25,Delhi,2025-02-14
C01592,Customer_01592,Other,34,Bengaluru,2024-08-28
C01593,Customer_01593,M,60,Mumbai,2024-08-10
C01594,Customer_01594,M,48,Bengaluru,2025-10-26
C01595,Customer_01595,F,51,Chennai,2025-04-12
C01596,Customer_01596,F,23,Pune,2025-07-22
C01597,Customer_01597,M,39,Kolkata,2024-11-17
C01598,Customer_01598,M,31,Mumbai,2025-01-09
C01599,Customer_01599,M,20,Delhi,2024-04-21
C01600,Customer_01600,F,29,Ahmedabad,2025-06-10
C01601,Customer_01601,M,53,Delhi,2025-02-15
C01602,Customer_01602,M,29,Kolkata,2024-09-25
C01603,Customer_01603,M,19,Pune,2025-09-17
C01604,Customer_01604,M,19,Kolkata,2024-09-08
C01605,Customer_01605,M,32,Hyderabad,2025-01-08
C01606,Customer_01606,F,40,Mumbai,2025-10-15
C01607,Customer_01607,M,46,Pune,2025-09-17
C01608,Customer_01608,F,34,Mumbai,2025-03-25
C01609,Customer_01609,M,49,Kolkata,2025-06-20
C01610,Customer_01610,F,24,Jaipur,2025-01-02
C01611,Customer_01611,F,47,Mumbai,2024-09-11
C01612,Customer_01612,F,45,Hyderabad,2025-04-07
C01613,Customer_01613,F,31,Vijayawada,2024-09-24
C01614,Customer_01614,M,47,Pune,2024-05-05
C01615,Customer_01615,M,34,Hyderabad,2025-01-27
C01616,Customer_01616,F,49,Hyderabad,2024-11-29
C01617,Customer_01617,Other,23,Ahmedabad,2025-07-18
C01618,Customer_01618,F,41,Jaipur,2025-01-02
C01619,Customer_01619,F,23,Bengaluru,2025-07-08
C01620,Customer_01620,F,44,Jaipur,2025-11-08
C01621,Customer_01621,M,35,Chennai,2025-07-07
C01622,Customer_01622,M,41,Ahmedabad,2025-03-31
C01623,Customer_01623,F,54,Kolkata,2025-11-18
C01624,Customer_01624,F,41,Kolkata,2024-03-07
C01625,Customer_01625,M,55,Delhi,2024-03-06
C01626,Customer_01626,F,51,Bengaluru,2025-08-17
C01627,Customer_01627,M,57,Chennai,2025-09-08
C01628,Customer_01628,F,32,Mumbai,2025-02-03
C01629,Customer_01629,M,28,Jaipur,2024-10-13
C01630,Customer_01630,M,39,Pune,2024-07-04
C01631,Customer_01631,F,41,Hyderabad,2024-10-10
C01632,Customer_01632,M,18,Mumbai,2025-05-30
C01633,Customer_01633,F,35,Delhi,2025-10-11
C01634,Customer_01634,F,29,Jaipur,2025-11-21
C01635,Customer_01635,F,60,Pune,2024-08-24
C01636,Customer_01636,M,45,Delhi,2024-01-18
C01637,Customer_01637,M,57,Hyderabad,2025-02-17
C01638,Customer_01638,M,24,Ahmedabad,2024-01-09
C01639,Customer_01639,Other,40,Bengaluru,2025-02-23
C01640,Customer_01640,F,38,Ahmedabad,2024-01-29
C01641,Customer_01641,F,51,Pune,2025-10-17
C01642,Customer_01642,F,28,Ahmedabad,2024-12-13
C01643,Customer_01643,F,39,Pune,2025-10-22
C01644,Customer_01644,F,59,Chennai,2025-07-29
C01645,Customer_01645,M,52,Chennai,2025-03-25
C01646,Customer_01646,F,46,Vijayawada,2025-01-14
C01647,Customer_01647,M,59,Vijayawada,2025-11-29
C01648,Customer_01648,F,45,Ahmedabad,2024-12-31
C01649,Customer_01649,F,35,Kolkata,2024-08-14
C01650,Customer_01650,F,31,Ahmedabad,2024-04-27
C01651,Customer_01651,M,35,Ahmedabad,2025-02-15
C01652,Customer_01652,M,45,Kolkata,2024-12-21
C01653,Customer_01653,M,41,Bengaluru,2024-09-10
C01654,Customer_01654,M,25,Jaipur,2025-06-26
C01655,Customer_01655,M,59,Kolkata,2025-11-03
C01656,Customer_01656,F,25,Pune,2025-12-27
C01657,Customer_01657,F,21,Jaipur,2025-03-19
C01658,Customer_01658,M,44,Hyderabad,2025-11-11
C01659,Customer_01659,M,53,Bengaluru,2024-03-21
C01660,Customer_01660,M,22,Hyderabad,2024-02-15
C01661,Customer_01661,F,50,Vijayawada,2024-02-18
C01662,Customer_01662,F,51,Mumbai,2025-03-24
C01663,Customer_01663,F,47,Chennai,2025-02-10
C01664,Customer_01664,F,25,Hyderabad,2024-10-09
C01665,Customer_01665,Other,56,Delhi,2025-04-17
C01666,Customer_01666,F,43,Ahmedabad,2025-02-19
C01667,Customer_01667,M,54,Pune,2025-08-22
C01668,Customer_01668,F,51,Hyderabad,2024-04-30
C01669,Customer_01669,M,24,Hyderabad,2024-01-03
C01670,Customer_01670,F,57,Mumbai,2024-11-11
C01671,Customer_01671,M,45,Vijayawada,2025-04-04
C01672,Customer_01672,F,56,Ahmedabad,2024-08-14
C01673,Customer_01673,F,56,Ahmedabad,2024-03-19
C01674,Customer_01674,F,45,Mumbai,2025-10-18
C01675,Customer_01675,F,31,Kolkata,2025-06-27
C01676,Customer_01676,M,55,Mumbai,2025-12-23
C01677,Customer_01677,M,21,Delhi,2024-03-11
C01678,Customer_01678,M,59,Jaipur,2024-07-15
C01679,Customer_01679,M,35,Delhi,2024-02-27
C01680,Customer_01680,F,42,Mumbai,2025-02-27
C01681,Customer_01681,M,24,Chennai,2025-04-13
C01682,Customer_01682,F,55,Kolkata,2025-09-15
C01683,Customer_01683,F,45,Chennai,2024-02-17
C01684,Customer_01684,F,22,Delhi,2025-03-10
C01685,Customer_01685,M,20,Ahmedabad,2024-07-03
C01686,Customer_01686,F,48,Delhi,2024-06-13
C01687,Customer_01687,F,59,Bengaluru,2025-12-27
C01688,Customer_01688,M,37,Vijayawada,2024-11-26
C01689,Customer_01689,F,36,Pune,2024-11-25
C01690,Customer_01690,F,28,Bengaluru,2024-04-30
C01691,Customer_01691,M,57,Mumbai,2024-07-31
C01692,Customer_01692,F,20,Hyderabad,2025-05-21
C01693,Customer_01693,M,40,Chennai,2025-07-06
C01694,Customer_01694,M,24,Jaipur,2024-06-16
C01695,Customer_01695,M,40,Bengaluru,2025-06-29
C01696,Customer_01696,M,24,Kolkata,2025-03-02
C01697,Customer_01697,M,51,Chennai,2025-12-09
C01698,Customer_01698,M,59,Bengaluru,2025-12-03
C01699,Customer_01699,F,36,Ahmedabad,2024-08-08
C01700,Customer_01700,F,26,Pune,2024-01-10
C01701,Customer_01701,F,35,Delhi,2024-04-29
C01702,Customer_01702,M,58,Delhi,2025-09-26
C01703,Customer_01703,M,59,Bengaluru,2024-09-03
C01704,Customer_01704,F,42,Mumbai,2024-12-25
C01705,Customer_01705,M,31,Kolkata,2024-08-08
C01706,Customer_01706,M,42,Mumbai,2025-05-20
C01707,Customer_01707,F,36,Chennai,2024-02-27
C01708,Customer_01708,M,56,Vijayawada,2025-04-04
C01709,Customer_01709,F,32,Pune,2024-05-07
C01710,Customer_01710,F,33,Pune,2025-11-29
C01711,Customer_01711,M,44,Delhi,2025-12-17
C01712,Customer_01712,M,57,Pune,2024-03-26
C01713,Customer_01713,F,27,Mumbai,2024-04-13
C01714,Customer_01714,M,21,Kolkata,2024-05-22
C01715,Customer_01715,M,36,Kolkata,2024-07-23
C01716,Customer_01716,Other,45,Delhi,2025-10-02
C01717,Customer_01717,M,38,Bengaluru,2024-02-07
C01718,Customer_01718,F,31,Kolkata,2024-12-28
C01719,Customer_01719,Other,50,Mumbai,2025-09-12
C01720,Customer_01720,M,27,Hyderabad,2024-11-04
C01721,Customer_01721,M,36,Bengaluru,2024-02-21
C01722,Customer_01722,M,47,Vijayawada,2024-01-01
C01723,Customer_01723,M,39,Jaipur,2024-01-11
C01724,Customer_01724,M,20,Ahmedabad,2025-10-01
C01725,Customer_01725,F,54,Pune,2024-08-01
C01726,Customer_01726,M,58,Pune,2025-07-09
C01727,Customer_01727,F,35,Hyderabad,2025-06-01
C01728,Customer_01728,Other,28,Bengaluru,2025-10-29
C01729,Customer_01729,F,19,Delhi,2025-02-18
C01730,Customer_01730,F,29,Mumbai,2024-01-08
C01731,Customer_01731,M,23,Hyderabad,2024-01-05
C01732,Customer_01732,F,60,Ahmedabad,2024-12-27
C01733,Customer_01733,F,57,Kolkata,2025-11-24
C01734,Customer_01734,M,46,Delhi,2024-04-21
C01735,Customer_01735,M,47,Jaipur,2024-09-29
C01736,Customer_01736,F,19,Delhi,2025-02-25
C01737,Customer_01737,M,26,Hyderabad,2024-09-21
C01738,Customer_01738,M,19,Vijayawada,2025-04-02
C01739,Customer_01739,M,46,Hyderabad,2024-07-30
C01740,Customer_01740,M,50,Hyderabad,2024-03-18
C01741,Customer_01741,F,27,Hyderabad,2025-10-27
C01742,Customer_01742,F,51,Delhi,2024-08-08
C01743,Customer_01743,F,25,Hyderabad,2025-01-03
C01744,Customer_01744,M,54,Bengaluru,2024-12-12
C01745,Customer_01745,M,50,Delhi,2024-01-25
C01746,Customer_01746,M,23,Kolkata,2025-02-23
C01747,Customer_01747,M,57,Bengaluru,2024-12-19
C01748,Customer_01748,M,36,Ahmedabad,2025-12-20
C01749,Customer_01749,F,49,Kolkata,2025-02-20
C01750,Customer_01750,M,44,Jaipur,2025-05-29
C01751,Customer_01751,F,18,Pune,2024-08-02
C01752,Customer_01752,M,60,Delhi,2024-04-21
C01753,Customer_01753,M,50,Pune,2025-12-04
C01754,Customer_01754,M,57,Delhi,2025-07-12
C01755,Customer_01755,F,49,Kolkata,2025-03-03
C01756,Customer_01756,F,22,Jaipur,2025-11-29
C01757,Customer_01757,F,34,Mumbai,2025-07-15
C01758,Customer_01758,M,25,Mumbai,2025-12-09
C01759,Customer_01759,M,59,Bengaluru,2024-08-03
C01760,Customer_01760,F,51,Hyderabad,2025-02-16
C01761,Customer_01761,M,26,Hyderabad,2025-01-14
C01762,Customer_01762,F,40,Mumbai,2025-08-24
C01763,Customer_01763,M,52,Kolkata,2024-08-19
C01764,Customer_01764,M,24,Jaipur,2024-09-14
C01765,Customer_01765,M,32,Bengaluru,2025-10-26
C01766,Customer_01766,M,37,Kolkata,2024-09-12
C01767,Customer_01767,F,42,Hyderabad,2025-02-06
C01768,Customer_01768,M,20,Bengaluru,2025-02-27
C01769,Customer_01769,M,41,Pune,2024-03-05
C01770,Customer_01770,M,51,Chennai,2024-07-08
C01771,Customer_01771,M,39,Ahmedabad,2025-08-25
C01772,Customer_01772,F,28,Bengaluru,2024-06-21
C01773,Customer_01773,F,25,Hyderabad,2025-09-19
C01774,Customer_01774,F,56,Kolkata,2025-07-14
C01775,Customer_01775,F,60,Pune,2024-08-14
C01776,Customer_01776,M,52,Ahmedabad,2025-08-03
C01777,Customer_01777,F,55,Ahmedabad,2025-01-22
C01778,Customer_01778,M,25,Bengaluru,2025-02-04
C01779,Customer_01779,M,54,Ahmedabad,2025-09-29
C01780,Customer_01780,F,44,Pune,2024-07-31
C01781,Customer_01781,M,45,Jaipur,2024-02-22
C01782,Customer_01782,F,57,Kolkata,2025-09-15
C01783,Customer_01783,M,51,Bengaluru,2025-11-01
C01784,Customer_01784,F,49,Ahmedabad,2025-10-23
C01785,Customer_01785,F,32,Jaipur,2024-05-18
C01786,Customer_01786,F,34,Kolkata,2025-02-21
C01787,Customer_01787,F,50,Delhi,2025-09-16
C01788,Customer_01788,F,33,Jaipur,2024-05-22
C01789,Customer_01789,M,46,Delhi,2025-05-23
C01790,Customer_01790,F,26,Delhi,2025-10-11
C01791,Customer_01791,M,50,Jaipur,2025-04-30
C01792,Customer_01792,F,46,Ahmedabad,2025-03-12
C01793,Customer_01793,F,30,Delhi,2025-06-26
C01794,Customer_01794,F,38,Ahmedabad,2024-10-19
C01795,Customer_01795,M,38,Ahmedabad,2025-09-11
C01796,Customer_01796,M,22,Kolkata,2024-10-10
C01797,Customer_01797,F,27,Vijayawada,2025-11-01
C01798,Customer_01798,M,23,Pune,2024-01-14
C01799,Customer_01799,M,30,Ahmedabad,2025-09-25
C01800,Customer_01800,M,18,Kolkata,2025-12-27
C01801,Customer_01801,F,37,Chennai,2024-09-28
C01802,Customer_01802,F,25,Delhi,2024-01-25
C01803,Customer_01803,M,27,Bengaluru,2024-11-17
C01804,Customer_01804,M,26,Ahmedabad,2025-11-11
C01805,Customer_01805,M,58,Jaipur,2024-04-12
C01806,Customer_01806,F,20,Delhi,2024-02-09
C01807,Customer_01807,F,28,Delhi,2024-08-22
C01808,Customer_01808,M,29,Chennai,2024-03-29
C01809,Customer_01809,M,27,Bengaluru,2024-04-09
C01810,Customer_01810,M,42,Kolkata,2024-05-23
C01811,Customer_01811,F,42,Chennai,2024-03-22
C01812,Customer_01812,F,28,Pune,2025-08-11
C01813,Customer_01813,M,53,Delhi,2025-07-24
C01814,Customer_01814,M,56,Ahmedabad,2024-08-16
C01815,Customer_01815,M,43,Ahmedabad,2025-08-25
C01816,Customer_01816,F,31,Chennai,2025-01-29
C01817,Customer_01817,M,56,Pune,2025-05-27
C01818,Customer_01818,F,57,Mumbai,2024-07-15
C01819,Customer_01819,F,18,Hyderabad,2024-09-30
C01820,Customer_01820,M,21,Jaipur,2025-08-12
C01821,Customer_01821,M,47,Jaipur,2025-10-14
C01822,Customer_01822,M,29,Mumbai,2025-08-05
C01823,Customer_01823,F,52,Delhi,2025-07-15
C01824,Customer_01824,F,30,Kolkata,2025-01-06
C01825,Customer_01825,F,48,Bengaluru,2024-03-20
C01826,Customer_01826,F,55,Mumbai,2024-08-22
C01827,Customer_01827,M,60,Pune,2024-10-13
C01828,Customer_01828,F,40,Ahmedabad,2025-10-28
C01829,Customer_01829,F,21,Hyderabad,2025-07-25
C01830,Customer_01830,M,33,Delhi,2025-06-28
C01831,Customer_01831,F,24,Hyderabad,2025-03-12
C01832,Customer_01832,F,39,Bengaluru,2024-05-06
C01833,Customer_01833,F,46,Ahmedabad,2025-12-12
C01834,Customer_01834,F,28,Pune,2025-02-20
C01835,Customer_01835,F,50,Jaipur,2025-09-29
C01836,Customer_01836,F,46,Bengaluru,2024-02-10
C01837,Customer_01837,M,56,Mumbai,2025-04-13
C01838,Customer_01838,M,29,Jaipur,2024-10-23
C01839,Customer_01839,F,24,Jaipur,2025-08-19
C01840,Customer_01840,M,56,Pune,2025-08-23
C01841,Customer_01841,M,59,Mumbai,2024-02-11
C01842,Customer_01842,M,43,Chennai,2025-09-23
C01843,Customer_01843,M,57,Bengaluru,2024-10-05
C01844,Customer_01844,F,26,Kolkata,2025-04-03
C01845,Customer_01845,F,58,Vijayawada,2024-02-02
C01846,Customer_01846,M,51,Ahmedabad,2024-10-02
C01847,Customer_01847,M,30,Pune,2025-10-26
C01848,Customer_01848,M,53,Ahmedabad,2024-03-30
C01849,Customer_01849,F,42,Bengaluru,2025-09-07
C01850,Customer_01850,F,41,Mumbai,2025-06-07
C01851,Customer_01851,M,34,Kolkata,2024-06-08
C01852,Customer_01852,F,19,Vijayawada,2025-04-02
C01853,Customer_01853,F,30,Hyderabad,2025-12-08
C01854,Customer_01854,F,48,Kolkata,2025-02-02
C01855,Customer_01855,F,46,Pune,2024-03-31
C01856,Customer_01856,M,45,Ahmedabad,2025-12-09
C01857,Customer_01857,F,44,Kolkata,2025-08-03
C01858,Customer_01858,M,32,Delhi,2025-04-10
C01859,Customer_01859,F,48,Mumbai,2024-08-07
C01860,Customer_01860,F,57,Mumbai,2025-02-22
C01861,Customer_01861,F,32,Delhi,2025-01-13
C01862,Customer_01862,F,50,Jaipur,2025-12-26
C01863,Customer_01863,M,37,Jaipur,2025-03-22
C01864,Customer_01864,F,59,Bengaluru,2024-05-25
C01865,Customer_01865,Other,29,Chennai,2024-08-20
C01866,Customer_01866,F,54,Hyderabad,2025-01-05
C01867,Customer_01867,M,26,Delhi,2024-08-21
C01868,Customer_01868,M,40,Bengaluru,2025-12-26
C01869,Customer_01869,M,25,Ahmedabad,2025-01-01
C01870,Customer_01870,F,49,Delhi,2025-04-25
C01871,Customer_01871,F,31,Chennai,2025-07-26
C01872,Customer_01872,M,44,Delhi,2024-12-28
C01873,Customer_01873,F,42,Chennai,2025-08-12
C01874,Customer_01874,F,30,Chennai,2025-05-25
C01875,Customer_01875,F,38,Chennai,2024-04-04
C01876,Customer_01876,F,48,Mumbai,2024-08-03
C01877,Customer_01877,F,54,Kolkata,2025-12-25
C01878,Customer_01878,F,60,Mumbai,2025-12-12
C01879,Customer_01879,M,22,Bengaluru,2025-06-26
C01880,Customer_01880,F,30,Mumbai,2024-05-14
C01881,Customer_01881,F,45,Mumbai,2024-03-23
C01882,Customer_01882,F,60,Ahmedabad,2025-01-25
C01883,Customer_01883,F,42,Delhi,2024-02-16
C01884,Customer_01884,F,52,Mumbai,2025-01-26
C01885,Customer_01885,M,56,Vijayawada,2025-12-18
C01886,Customer_01886,M,24,Chennai,2025-01-19
C01887,Customer_01887,M,55,Delhi,2025-01-15
C01888,Customer_01888,M,49,Jaipur,2024-03-17
C01889,Customer_01889,F,20,Ahmedabad,2024-09-15
C01890,Customer_01890,Other,56,Kolkata,2025-08-26
C01891,Customer_01891,M,54,Ahmedabad,2025-02-02
C01892,Customer_01892,M,39,Chennai,2024-04-09
C01893,Customer_01893,F,25,Delhi,2025-05-15
C01894,Customer_01894,M,34,Kolkata,2025-01-17
C01895,Customer_01895,F,44,Hyderabad,2025-12-07
C01896,Customer_01896,F,50,Pune,2024-07-10
C01897,Customer_01897,F,34,Ahmedabad,2025-08-02
C01898,Customer_01898,M,59,Kolkata,2025-08-24
C01899,Customer_01899,M,29,Bengaluru,2024-12-10
C01900,Customer_01900,F,44,Kolkata,2024-01-10
C01901,Customer_01901,F,25,Pune,2024-09-20
C01902,Customer_01902,M,40,Chennai,2024-09-24
C01903,Customer_01903,F,59,Delhi,2025-09-21
C01904,Customer_01904,M,46,Hyderabad,2025-07-24
C01905,Customer_01905,F,37,Bengaluru,2024-07-13
C01906,Customer_01906,M,33,Kolkata,2025-07-15
C01907,Customer_01907,F,34,Vijayawada,2025-02-10
C01908,Customer_01908,M,33,Mumbai,2024-10-22
C01909,Customer_01909,M,36,Chennai,2024-04-06
C01910,Customer_01910,M,25,Ahmedabad,2025-04-06
C01911,Customer_01911,M,55,Ahmedabad,2025-09-30
C01912,Customer_01912,F,55,Pune,2024-03-27
C01913,Customer_01913,Other,46,Chennai,2024-03-17
C01914,Customer_01914,M,58,Bengaluru,2025-12-16
C01915,Customer_01915,M,53,Jaipur,2025-04-27
C01916,Customer_01916,F,43,Hyderabad,2024-05-25
C01917,Customer_01917,F,48,Bengaluru,2025-10-22
C01918,Customer_01918,F,29,Hyderabad,2024-04-20
C01919,Customer_01919,M,34,Delhi,2025-10-02
C01920,Customer_01920,M,32,Delhi,2025-11-08
C01921,Customer_01921,F,26,Chennai,2024-10-23
C01922,Customer_01922,M,56,Chennai,2025-03-01
C01923,Customer_01923,F,59,Ahmedabad,2025-10-10
C01924,Customer_01924,M,29,Mumbai,2024-11-29
C01925,Customer_01925,F,49,Pune,2025-06-06
C01926,Customer_01926,M,42,Mumbai,2025-08-05
C01927,Customer_01927,F,56,Bengaluru,2025-11-01
C01928,Customer_01928,M,35,Ahmedabad,2025-12-28
C01929,Customer_01929,F,32,Hyderabad,2025-06-21
C01930,Customer_01930,M,49,Jaipur,2024-06-10
C01931,Customer_01931,F,23,Kolkata,2025-03-05
C01932,Customer_01932,F,60,Vijayawada,2025-09-05
C01933,Customer_01933,F,52,Delhi,2024-03-09
C01934,Customer_01934,F,51,Mumbai,2024-05-12
C01935,Customer_01935,F,55,Pune,2024-07-07
C01936,Customer_01936,F,22,Jaipur,2025-12-23
C01937,Customer_01937,M,35,Jaipur,2025-11-08
C01938,Customer_01938,F,33,Delhi,2025-07-26
C01939,Customer_01939,F,25,Vijayawada,2024-10-05
C01940,Customer_01940,M,42,Chennai,2025-03-05
C01941,Customer_01941,M,49,Jaipur,2025-09-16
C01942,Customer_01942,M,43,Bengaluru,2025-06-25
C01943,Customer_01943,F,39,Bengaluru,2024-06-09
C01944,Customer_01944,F,48,Chennai,2025-03-28
C01945,Customer_01945,F,60,Hyderabad,2024-06-18
C01946,Customer_01946,F,27,Ahmedabad,2025-11-28
C01947,Customer_01947,M,29,Chennai,2024-02-26
C01948,Customer_01948,M,45,Vijayawada,2024-08-27
C01949,Customer_01949,M,23,Bengaluru,2024-12-23
C01950,Customer_01950,M,37,Jaipur,2024-07-19
C01951,Customer_01951,M,22,Bengaluru,2025-03-19
C01952,Customer_01952,M,40,Kolkata,2024-10-28
C01953,Customer_01953,F,26,Ahmedabad,2024-04-15
C01954,Customer_01954,F,46,Pune,2024-04-10
C01955,Customer_01955,Other,33,Kolkata,2024-04-06
C01956,Customer_01956,F,39,Hyderabad,2025-10-26
C01957,Customer_01957,F,25,Delhi,2024-01-29
C01958,Customer_01958,M,37,Kolkata,2025-05-20
C01959,Customer_01959,F,31,Hyderabad,2025-10-26
C01960,Customer_01960,F,56,Hyderabad,2025-03-13
C01961,Customer_01961,M,54,Pune,2025-01-13
C01962,Customer_01962,M,51,Delhi,2024-03-13
C01963,Customer_01963,F,28,Mumbai,2024-09-10
C01964,Customer_01964,M,57,Chennai,2025-05-30
C01965,Customer_01965,F,50,Jaipur,2025-07-03
C01966,Customer_01966,F,48,Vijayawada,2024-01-20
C01967,Customer_01967,M,51,Vijayawada,2025-09-16
C01968,Customer_01968,M,24,Vijayawada,2025-06-18
C01969,Customer_01969,M,40,Mumbai,2025-02-24
C01970,Customer_01970,M,24,Chennai,2025-03-21
C01971,Customer_01971,M,42,Vijayawada,2024-05-15
C01972,Customer_01972,F,20,Chennai,2025-05-19
C01973,Customer_01973,M,55,Jaipur,2024-10-27
C01974,Customer_01974,F,37,Vijayawada,2025-08-31
C01975,Customer_01975,M,51,Delhi,2024-02-02
C01976,Customer_01976,F,47,Hyderabad,2025-10-08
C01977,Customer_01977,M,34,Vijayawada,2024-10-04
C01978,Customer_01978,M,27,Chennai,2024-05-12
C01979,Customer_01979,F,52,Hyderabad,2025-06-10
C01980,Customer_01980,F,37,Pune,2024-05-05
C01981,Customer_01981,M,35,Vijayawada,2024-12-10
C01982,Customer_01982,F,44,Vijayawada,2024-01-17
C01983,Customer_01983,M,53,Kolkata,2025-07-15
C01984,Customer_01984,M,40,Hyderabad,2025-10-08
C01985,Customer_01985,M,49,Vijayawada,2025-09-21
C01986,Customer_01986,M,27,Delhi,2025-01-12
C01987,Customer_01987,F,28,Jaipur,2024-02-29
C01988,Customer_01988,F,55,Hyderabad,2025-09-28
C01989,Customer_01989,M,23,Jaipur,2025-04-11
C01990,Customer_01990,F,58,Ahmedabad,2025-09-19
C01991,Customer_01991,F,51,Chennai,2025-01-25
C01992,Customer_01992,M,53,Pune,2025-11-15
C01993,Customer_01993,F,54,Kolkata,2024-07-05
C01994,Customer_01994,M,34,Delhi,2025-05-12
C01995,Customer_01995,F,57,Pune,2025-08-22
C01996,Customer_01996,F,57,Kolkata,2025-12-15
C01997,Customer_01997,F,29,Pune,2024-12-26
C01998,Customer_01998,M,38,Pune,2025-03-24
C01999,Customer_01999,M,57,Bengaluru,2025-11-24
C02000,Customer_02000,M,36,Chennai,2025-11-10
C02001,Customer_02001,M,20,Mumbai,2024-06-29
C02002,Customer_02002,M,35,Kolkata,2024-05-09
C02003,Customer_02003,F,36,Delhi,2024-05-28
C02004,Customer_02004,M,23,Hyderabad,2025-04-16
C02005,Customer_02005,M,33,Pune,2025-12-21
C02006,Customer_02006,F,25,Pune,2025-09-14
C02007,Customer_02007,M,35,Kolkata,2025-05-14
C02008,Customer_02008,F,60,Ahmedabad,2025-10-10
C02009,Customer_02009,M,56,Mumbai,2024-12-20
C02010,Customer_02010,M,29,Pune,2024-07-29
C02011,Customer_02011,M,27,Vijayawada,2025-10-19
C02012,Customer_02012,M,24,Bengaluru,2025-08-18
C02013,Customer_02013,F,18,Jaipur,2024-01-30
C02014,Customer_02014,M,53,Bengaluru,2025-07-30
C02015,Customer_02015,F,38,Mumbai,2024-01-24
C02016,Customer_02016,M,54,Vijayawada,2025-12-23
C02017,Customer_02017,M,41,Bengaluru,2024-08-09
C02018,Customer_02018,F,42,Jaipur,2025-08-24
C02019,Customer_02019,M,24,Hyderabad,2025-09-09
C02020,Customer_02020,F,59,Chennai,2025-11-14
C02021,Customer_02021,F,34,Hyderabad,2025-08-11
C02022,Customer_02022,F,46,Chennai,2025-08-02
C02023,Customer_02023,F,47,Ahmedabad,2025-02-04
C02024,Customer_02024,M,24,Ahmedabad,2025-08-26
C02025,Customer_02025,M,50,Ahmedabad,2025-05-26
C02026,Customer_02026,M,24,Bengaluru,2024-03-28
C02027,Customer_02027,F,41,Ahmedabad,2025-04-09
C02028,Customer_02028,Other,28,Chennai,2024-02-19
C02029,Customer_02029,M,26,Hyderabad,2024-04-12
C02030,Customer_02030,F,29,Kolkata,2025-01-02
C02031,Customer_02031,M,52,Pune,2025-05-06
C02032,Customer_02032,F,21,Chennai,2025-07-11
C02033,Customer_02033,M,53,Hyderabad,2025-11-21
C02034,Customer_02034,F,45,Hyderabad,2024-09-24
C02035,Customer_02035,F,30,Pune,2025-01-31
C02036,Customer_02036,M,40,Vijayawada,2024-11-15
C02037,Customer_02037,M,36,Kolkata,2025-06-03
C02038,Customer_02038,M,59,Vijayawada,2025-03-24
C02039,Customer_02039,M,54,Vijayawada,2025-04-20
C02040,Customer_02040,M,56,Hyderabad,2025-08-12
C02041,Customer_02041,F,41,Jaipur,2024-08-27
C02042,Customer_02042,F,33,Delhi,2024-09-14
C02043,Customer_02043,F,50,Chennai,2025-12-08
C02044,Customer_02044,M,29,Bengaluru,2025-10-04
C02045,Customer_02045,F,51,Vijayawada,2025-01-24
C02046,Customer_02046,F,24,Ahmedabad,2024-12-08
C02047,Customer_02047,M,28,Bengaluru,2025-01-21
C02048,Customer_02048,F,48,Mumbai,2025-01-28
C02049,Customer_02049,F,46,Jaipur,2025-11-13
C02050,Customer_02050,M,30,Bengaluru,2025-10-20
C02051,Customer_02051,M,48,Pune,2024-09-26
C02052,Customer_02052,M,19,Delhi,2024-05-28
C02053,Customer_02053,M,56,Kolkata,2025-01-14
C02054,Customer_02054,F,32,Pune,2024-01-28
C02055,Customer_02055,F,28,Vijayawada,2024-05-28
C02056,Customer_02056,F,51,Jaipur,2025-02-23
C02057,Customer_02057,M,56,Jaipur,2024-10-06
C02058,Customer_02058,M,21,Vijayawada,2024-06-30
C02059,Customer_02059,F,28,Delhi,2024-06-14
C02060,Customer_02060,F,46,Hyderabad,2024-01-17
C02061,Customer_02061,M,19,Bengaluru,2024-05-29
C02062,Customer_02062,F,33,Ahmedabad,2024-12-04
C02063,Customer_02063,F,56,Vijayawada,2024-02-14
C02064,Customer_02064,M,30,Ahmedabad,2025-05-16
C02065,Customer_02065,M,54,Bengaluru,2024-07-07
C02066,Customer_02066,F,34,Delhi,2025-10-12
C02067,Customer_02067,M,38,Hyderabad,2024-03-01
C02068,Customer_02068,M,36,Kolkata,2024-10-20
C02069,Customer_02069,M,24,Delhi,2024-02-02
C02070,Customer_02070,M,55,Ahmedabad,2024-10-25
C02071,Customer_02071,F,25,Jaipur,2025-02-18
C02072,Customer_02072,F,30,Jaipur,2025-09-15
C02073,Customer_02073,M,54,Mumbai,2025-07-02
C02074,Customer_02074,F,19,Chennai,2025-03-06
C02075,Customer_02075,F,58,Pune,2025-05-09
C02076,Customer_02076,F,28,Pune,2024-04-09
C02077,Customer_02077,M,41,Vijayawada,2024-01-23
C02078,Customer_02078,M,23,Ahmedabad,2025-02-23
C02079,Customer_02079,Other,43,Pune,2025-02-27
C02080,Customer_02080,F,24,Pune,2025-05-01
C02081,Customer_02081,M,56,Delhi,2025-12-30
C02082,Customer_02082,M,36,Kolkata,2024-03-29
C02083,Customer_02083,M,23,Ahmedabad,2024-07-27
C02084,Customer_02084,F,60,Mumbai,2024-09-27
C02085,Customer_02085,F,46,Kolkata,2025-02-09
C02086,Customer_02086,F,60,Mumbai,2025-12-21
C02087,Customer_02087,M,56,Ahmedabad,2024-10-04
C02088,Customer_02088,F,19,Hyderabad,2024-07-24
C02089,Customer_02089,F,36,Hyderabad,2025-08-12
C02090,Customer_02090,M,21,Pune,2024-11-23
C02091,Customer_02091,F,23,Vijayawada,2025-09-01
C02092,Customer_02092,F,54,Jaipur,2024-12-01
C02093,Customer_02093,M,45,Delhi,2025-08-28
C02094,Customer_02094,F,47,Pune,2025-08-14
C02095,Customer_02095,M,24,Chennai,2024-02-07
C02096,Customer_02096,F,26,Hyderabad,2024-08-15
C02097,Customer_02097,F,42,Pune,2025-04-27
C02098,Customer_02098,F,50,Jaipur,2024-05-13
C02099,Customer_02099,F,18,Mumbai,2025-12-08
C02100,Customer_02100,M,23,Mumbai,2025-01-24
C02101,Customer_02101,F,35,Bengaluru,2025-09-04
C02102,Customer_02102,F,27,Delhi,2025-02-28
C02103,Customer_02103,M,45,Vijayawada,2025-08-09
C02104,Customer_02104,F,28,Mumbai,2025-05-24
C02105,Customer_02105,F,50,Bengaluru,2025-12-20
C02106,Customer_02106,M,18,Hyderabad,2025-08-17
C02107,Customer_02107,F,30,Mumbai,2025-03-02
C02108,Customer_02108,F,54,Vijayawada,2025-10-16
C02109,Customer_02109,M,37,Pune,2025-04-18
C02110,Customer_02110,Other,18,Jaipur,2025-07-21
C02111,Customer_02111,M,20,Chennai,2024-12-26
C02112,Customer_02112,M,35,Mumbai,2024-07-29
C02113,Customer_02113,M,58,Chennai,2024-06-27
C02114,Customer_02114,F,31,Chennai,2024-02-27
C02115,Customer_02115,F,48,Chennai,2024-03-13
C02116,Customer_02116,M,44,Kolkata,2024-08-02
C02117,Customer_02117,M,34,Chennai,2024-03-13
C02118,Customer_02118,F,46,Kolkata,2025-04-11
C02119,Customer_02119,M,53,Jaipur,2024-09-27
C02120,Customer_02120,F,54,Chennai,2025-05-13
C02121,Customer_02121,F,43,Bengaluru,2024-12-19
C02122,Customer_02122,F,34,Chennai,2024-08-21
C02123,Customer_02123,F,39,Ahmedabad,2024-11-14
C02124,Customer_02124,M,42,Delhi,2024-01-19
C02125,Customer_02125,Other,19,Bengaluru,2025-09-16
C02126,Customer_02126,F,39,Vijayawada,2025-07-28
C02127,Customer_02127,F,22,Mumbai,2025-01-06
C02128,Customer_02128,M,21,Jaipur,2024-07-02
C02129,Customer_02129,F,53,Jaipur,2024-10-03
C02130,Customer_02130,M,23,Ahmedabad,2025-11-04
C02131,Customer_02131,M,38,Ahmedabad,2024-05-24
C02132,Customer_02132,M,30,Ahmedabad,2025-10-19
C02133,Customer_02133,F,54,Ahmedabad,2024-03-21
C02134,Customer_02134,F,42,Ahmedabad,2024-11-17
C02135,Customer_02135,F,43,Hyderabad,2025-03-10
C02136,Customer_02136,F,56,Pune,2024-02-12
C02137,Customer_02137,M,37,Jaipur,2024-11-08
C02138,Customer_02138,F,50,Ahmedabad,2024-10-19
C02139,Customer_02139,M,31,Mumbai,2025-11-18
C02140,Customer_02140,F,53,Hyderabad,2024-03-09
C02141,Customer_02141,F,34,Bengaluru,2024-02-25
C02142,Customer_02142,F,38,Bengaluru,2025-09-22
C02143,Customer_02143,F,33,Kolkata,2024-07-22
C02144,Customer_02144,M,33,Pune,2025-02-23
C02145,Customer_02145,M,37,Bengaluru,2025-07-20
C02146,Customer_02146,F,46,Ahmedabad,2025-07-03
C02147,Customer_02147,M,45,Jaipur,2024-08-30
C02148,Customer_02148,M,25,Kolkata,2024-07-19
C02149,Customer_02149,F,41,Delhi,2025-04-18
C02150,Customer_02150,F,20,Hyderabad,2025-06-10
C02151,Customer_02151,M,42,Delhi,2025-10-17
C02152,Customer_02152,M,36,Delhi,2024-03-17
C02153,Customer_02153,F,50,Ahmedabad,2025-04-22
C02154,Customer_02154,F,19,Delhi,2025-03-15
C02155,Customer_02155,M,32,Delhi,2024-09-19
C02156,Customer_02156,M,39,Bengaluru,2024-07-03
C02157,Customer_02157,M,27,Vijayawada,2024-02-24
C02158,Customer_02158,M,35,Kolkata,2024-11-03
C02159,Customer_02159,M,39,Delhi,2025-05-30
C02160,Customer_02160,F,44,Pune,2024-10-25
C02161,Customer_02161,F,30,Mumbai,2025-07-05
C02162,Customer_02162,F,50,Kolkata,2024-08-17
C02163,Customer_02163,M,22,Pune,2025-01-11
C02164,Customer_02164,F,43,Mumbai,2024-10-12
C02165,Customer_02165,M,30,Delhi,2024-05-17
C02166,Customer_02166,F,44,Vijayawada,2025-04-22
C02167,Customer_02167,F,31,Chennai,2025-09-06
C02168,Customer_02168,M,41,Jaipur,2024-01-07
C02169,Customer_02169,F,20,Pune,2025-11-06
C02170,Customer_02170,M,47,Delhi,2025-02-22
C02171,Customer_02171,F,52,Kolkata,2025-04-16
C02172,Customer_02172,M,31,Bengaluru,2025-02-23
C02173,Customer_02173,M,29,Delhi,2024-10-02
C02174,Customer_02174,F,45,Chennai,2025-07-14
C02175,Customer_02175,M,46,Delhi,2025-08-30
C02176,Customer_02176,F,60,Delhi,2025-07-24
C02177,Customer_02177,M,34,Jaipur,2025-11-19
C02178,Customer_02178,F,57,Bengaluru,2024-03-30
C02179,Customer_02179,F,38,Pune,2024-10-08
C02180,Customer_02180,F,40,Ahmedabad,2025-07-01
C02181,Customer_02181,M,37,Ahmedabad,2024-06-19
C02182,Customer_02182,M,28,Kolkata,2025-09-29
C02183,Customer_02183,M,51,Vijayawada,2024-12-20
C02184,Customer_02184,M,27,Delhi,2024-07-22
C02185,Customer_02185,F,27,Kolkata,2024-10-15
C02186,Customer_02186,F,60,Vijayawada,2025-04-06
C02187,Customer_02187,F,23,Pune,2025-08-31
C02188,Customer_02188,F,53,Pune,2024-06-21
C02189,Customer_02189,F,41,Bengaluru,2024-10-27
C02190,Customer_02190,F,29,Ahmedabad,2025-08-22
C02191,Customer_02191,M,60,Ahmedabad,2025-06-12
C02192,Customer_02192,F,40,Kolkata,2024-05-19
C02193,Customer_02193,F,44,Jaipur,2024-10-04
C02194,Customer_02194,F,54,Ahmedabad,2025-10-24
C02195,Customer_02195,M,23,Jaipur,2025-05-25
C02196,Customer_02196,M,18,Jaipur,2024-12-11
C02197,Customer_02197,M,23,Pune,2024-05-19
C02198,Customer_02198,F,39,Bengaluru,2024-04-23
C02199,Customer_02199,F,58,Kolkata,2025-08-02
C02200,Customer_02200,M,41,Mumbai,2025-05-21
C02201,Customer_02201,F,42,Kolkata,2024-12-31
C02202,Customer_02202,M,32,Jaipur,2025-11-21
C02203,Customer_02203,M,43,Vijayawada,2025-09-28
C02204,Customer_02204,M,25,Vijayawada,2025-01-31
C02205,Customer_02205,F,41,Bengaluru,2025-10-20
C02206,Customer_02206,F,55,Pune,2024-04-20
C02207,Customer_02207,M,23,Pune,2024-12-23
C02208,Customer_02208,F,52,Jaipur,2024-08-25
C02209,Customer_02209,M,59,Jaipur,2024-01-03
C02210,Customer_02210,F,18,Chennai,2025-12-23
C02211,Customer_02211,F,53,Chennai,2025-02-07
C02212,Customer_02212,F,29,Jaipur,2024-01-25
C02213,Customer_02213,M,55,Ahmedabad,2025-05-23
C02214,Customer_02214,F,28,Kolkata,2025-11-26
C02215,Customer_02215,F,29,Ahmedabad,2025-04-09
C02216,Customer_02216,M,59,Pune,2024-03-01
C02217,Customer_02217,F,56,Mumbai,2025-05-22
C02218,Customer_02218,M,24,Kolkata,2024-05-02
C02219,Customer_02219,F,28,Ahmedabad,2025-05-11
C02220,Customer_02220,M,53,Ahmedabad,2024-02-24
C02221,Customer_02221,F,48,Hyderabad,2024-06-11
C02222,Customer_02222,F,50,Kolkata,2025-11-29
C02223,Customer_02223,M,30,Mumbai,2024-02-08
C02224,Customer_02224,M,35,Bengaluru,2025-11-27
C02225,Customer_02225,M,58,Bengaluru,2024-03-23
C02226,Customer_02226,M,41,Ahmedabad,2025-12-07
C02227,Customer_02227,M,26,Jaipur,2025-06-29
C02228,Customer_02228,F,48,Mumbai,2024-04-22
C02229,Customer_02229,M,58,Mumbai,2025-02-28
C02230,Customer_02230,M,27,Pune,2024-08-17
C02231,Customer_02231,F,19,Vijayawada,2024-10-09
C02232,Customer_02232,M,55,Hyderabad,2024-10-13
C02233,Customer_02233,F,32,Pune,2024-06-03
C02234,Customer_02234,F,20,Mumbai,2024-06-13
C02235,Customer_02235,F,60,Delhi,2024-06-30
C02236,Customer_02236,F,48,Jaipur,2024-08-26
C02237,Customer_02237,F,23,Mumbai,2025-10-10
C02238,Customer_02238,M,20,Hyderabad,2024-12-04
C02239,Customer_02239,M,28,Mumbai,2025-05-26
C02240,Customer_02240,M,32,Kolkata,2024-09-22
C02241,Customer_02241,F,45,Kolkata,2024-07-05
C02242,Customer_02242,M,27,Chennai,2024-02-09
C02243,Customer_02243,F,55,Hyderabad,2025-05-07
C02244,Customer_02244,Other,24,Ahmedabad,2025-11-09
C02245,Customer_02245,F,32,Vijayawada,2025-01-25
C02246,Customer_02246,F,35,Ahmedabad,2024-09-16
C02247,Customer_02247,M,35,Vijayawada,2025-10-16
C02248,Customer_02248,F,58,Vijayawada,2025-12-16
C02249,Customer_02249,F,41,Vijayawada,2024-06-24
C02250,Customer_02250,M,19,Bengaluru,2024-11-24
C02251,Customer_02251,M,57,Vijayawada,2024-07-18
C02252,Customer_02252,F,37,Mumbai,2025-12-11
C02253,Customer_02253,F,51,Delhi,2024-07-14
C02254,Customer_02254,F,60,Hyderabad,2025-08-11
C02255,Customer_02255,F,43,Delhi,2025-06-14
C02256,Customer_02256,F,24,Chennai,2024-03-02
C02257,Customer_02257,F,55,Mumbai,2024-11-22
C02258,Customer_02258,M,47,Vijayawada,2024-10-07
C02259,Customer_02259,M,59,Bengaluru,2024-08-14
C02260,Customer_02260,M,22,Pune,2025-09-30
C02261,Customer_02261,F,28,Ahmedabad,2024-02-27
C02262,Customer_02262,F,18,Kolkata,2025-04-21
C02263,Customer_02263,F,51,Hyderabad,2025-01-10
C02264,Customer_02264,M,18,Delhi,2025-12-16
C02265,Customer_02265,F,36,Mumbai,2024-08-30
C02266,Customer_02266,F,19,Pune,2025-01-01
C02267,Customer_02267,F,38,Jaipur,2025-05-14
C02268,Customer_02268,F,37,Jaipur,2024-09-08
C02269,Customer_02269,M,40,Kolkata,2024-11-17
C02270,Customer_02270,F,38,Jaipur,2025-01-10
C02271,Customer_02271,M,41,Ahmedabad,2025-02-12
C02272,Customer_02272,M,21,Chennai,2025-12-11
C02273,Customer_02273,M,29,Jaipur,2025-05-02
C02274,Customer_02274,F,39,Kolkata,2024-12-08
C02275,Customer_02275,F,37,Chennai,2024-08-27
C02276,Customer_02276,F,35,Ahmedabad,2024-05-18
C02277,Customer_02277,F,18,Kolkata,2024-05-01
C02278,Customer_02278,F,47,Jaipur,2025-02-23
C02279,Customer_02279,F,50,Vijayawada,2025-07-14
C02280,Customer_02280,M,41,Hyderabad,2024-10-30
C02281,Customer_02281,M,31,Jaipur,2024-04-24
C02282,Customer_02282,M,53,Kolkata,2024-12-08
C02283,Customer_02283,M,22,Hyderabad,2024-09-07
C02284,Customer_02284,M,28,Hyderabad,2024-01-07
C02285,Customer_02285,M,41,Chennai,2025-08-11
C02286,Customer_02286,M,48,Ahmedabad,2024-06-27
C02287,Customer_02287,F,30,Jaipur,2024-05-24
C02288,Customer_02288,M,33,Pune,2025-02-19
C02289,Customer_02289,M,41,Vijayawada,2025-10-27
C02290,Customer_02290,M,30,Ahmedabad,2024-04-30
C02291,Customer_02291,F,41,Pune,2024-05-03
C02292,Customer_02292,M,43,Pune,2024-05-29
C02293,Customer_02293,M,19,Delhi,2025-01-31
C02294,Customer_02294,F,33,Chennai,2025-01-15
C02295,Customer_02295,M,55,Bengaluru,2024-01-01
C02296,Customer_02296,M,18,Mumbai,2025-11-03
C02297,Customer_02297,M,28,Mumbai,2024-08-31
C02298,Customer_02298,M,52,Chennai,2025-02-01
C02299,Customer_02299,M,60,Chennai,2024-09-07
C02300,Customer_02300,M,46,Pune,2025-07-29
C02301,Customer_02301,F,54,Chennai,2024-10-25
C02302,Customer_02302,F,34,Pune,2024-10-23
C02303,Customer_02303,F,56,Ahmedabad,2025-05-14
C02304,Customer_02304,M,59,Bengaluru,2024-04-24
C02305,Customer_02305,F,45,Delhi,2024-01-01
C02306,Customer_02306,M,46,Pune,2025-07-06
C02307,Customer_02307,M,60,Chennai,2025-11-15
C02308,Customer_02308,F,20,Hyderabad,2025-08-22
C02309,Customer_02309,M,27,Jaipur,2025-04-26
C02310,Customer_02310,M,59,Mumbai,2025-09-01
C02311,Customer_02311,F,31,Bengaluru,2025-08-22
C02312,Customer_02312,F,29,Jaipur,2025-05-24
C02313,Customer_02313,F,59,Kolkata,2024-11-30
C02314,Customer_02314,F,47,Chennai,2025-04-09
C02315,Customer_02315,Other,49,Pune,2024-05-20
C02316,Customer_02316,M,49,Delhi,2025-08-05
C02317,Customer_02317,M,59,Hyderabad,2024-05-16
C02318,Customer_02318,M,49,Delhi,2025-09-02
C02319,Customer_02319,M,43,Jaipur,2025-10-24
C02320,Customer_02320,M,18,Hyderabad,2025-11-17
C02321,Customer_02321,F,59,Vijayawada,2024-06-15
C02322,Customer_02322,F,19,Mumbai,2024-12-08
C02323,Customer_02323,F,34,Chennai,2025-02-13
C02324,Customer_02324,M,47,Kolkata,2024-03-05
C02325,Customer_02325,F,56,Jaipur,2025-08-03
C02326,Customer_02326,F,24,Pune,2024-03-07
C02327,Customer_02327,F,44,Mumbai,2025-03-08
C02328,Customer_02328,M,26,Kolkata,2024-02-19
C02329,Customer_02329,F,39,Delhi,2024-11-09
C02330,Customer_02330,M,51,Mumbai,2024-11-04
C02331,Customer_02331,M,18,Kolkata,2025-08-25
C02332,Customer_02332,M,26,Kolkata,2024-04-24
C02333,Customer_02333,F,37,Delhi,2025-07-22
C02334,Customer_02334,F,36,Kolkata,2024-12-07
C02335,Customer_02335,M,53,Bengaluru,2025-06-13
C02336,Customer_02336,M,57,Hyderabad,2025-10-03
C02337,Customer_02337,M,21,Bengaluru,2025-05-09
C02338,Customer_02338,M,26,Delhi,2024-09-25
C02339,Customer_02339,M,58,Ahmedabad,2024-03-20
C02340,Customer_02340,M,39,Mumbai,2025-03-31
C02341,Customer_02341,F,35,Vijayawada,2024-10-25
C02342,Customer_02342,M,29,Pune,2024-07-20
C02343,Customer_02343,M,59,Pune,2025-05-17
C02344,Customer_02344,M,60,Jaipur,2025-11-01
C02345,Customer_02345,F,56,Jaipur,2025-12-16
C02346,Customer_02346,F,26,Delhi,2025-10-10
C02347,Customer_02347,F,23,Jaipur,2025-04-29
C02348,Customer_02348,M,36,Pune,2025-08-07
C02349,Customer_02349,F,24,Bengaluru,2025-07-13
C02350,Customer_02350,M,33,Vijayawada,2024-01-18
C02351,Customer_02351,F,22,Pune,2025-04-22
C02352,Customer_02352,F,33,Bengaluru,2025-05-02
C02353,Customer_02353,F,18,Ahmedabad,2025-03-21
C02354,Customer_02354,F,54,Delhi,2024-12-05
C02355,Customer_02355,F,56,Chennai,2025-06-14
C02356,Customer_02356,M,36,Ahmedabad,2025-09-03
C02357,Customer_02357,F,54,Ahmedabad,2024-04-25
C02358,Customer_02358,M,34,Pune,2024-03-14
C02359,Customer_02359,F,43,Delhi,2024-09-25
C02360,Customer_02360,M,39,Hyderabad,2025-09-28
C02361,Customer_02361,M,25,Kolkata,2024-04-25
C02362,Customer_02362,M,50,Ahmedabad,2025-11-16
C02363,Customer_02363,M,19,Jaipur,2025-11-23
C02364,Customer_02364,M,47,Bengaluru,2025-10-30
C02365,Customer_02365,F,37,Hyderabad,2024-06-12
C02366,Customer_02366,M,35,Delhi,2025-08-05
C02367,Customer_02367,M,60,Chennai,2024-08-09
C02368,Customer_02368,F,27,Vijayawada,2024-05-05
C02369,Customer_02369,M,41,Hyderabad,2025-10-18
C02370,Customer_02370,F,21,Chennai,2024-06-24
C02371,Customer_02371,F,54,Pune,2025-10-25
C02372,Customer_02372,F,21,Mumbai,2025-11-24
C02373,Customer_02373,F,30,Kolkata,2025-01-09
C02374,Customer_02374,M,42,Pune,2025-05-12
C02375,Customer_02375,F,30,Delhi,2024-03-25
C02376,Customer_02376,M,35,Mumbai,2025-01-17
C02377,Customer_02377,M,41,Chennai,2025-09-24
C02378,Customer_02378,F,19,Mumbai,2025-10-02
C02379,Customer_02379,M,50,Vijayawada,2025-04-07
C02380,Customer_02380,F,36,Jaipur,2025-03-26
C02381,Customer_02381,F,26,Jaipur,2025-06-01
C02382,Customer_02382,F,45,Pune,2025-11-25
C02383,Customer_02383,F,52,Pune,2025-07-03
C02384,Customer_02384,M,56,Delhi,2024-04-25
C02385,Customer_02385,M,27,Delhi,2025-09-05
C02386,Customer_02386,F,18,Bengaluru,2024-01-08
C02387,Customer_02387,M,59,Vijayawada,2024-08-05
C02388,Customer_02388,F,38,Delhi,2025-12-19
C02389,Customer_02389,F,26,Ahmedabad,2025-08-12
C02390,Customer_02390,F,32,Vijayawada,2025-02-07
C02391,Customer_02391,M,52,Bengaluru,2025-07-20
C02392,Customer_02392,M,22,Jaipur,2024-10-30
C02393,Customer_02393,M,58,Hyderabad,2025-04-11
C02394,Customer_02394,M,39,Bengaluru,2024-03-28
C02395,Customer_02395,F,58,Bengaluru,2024-01-10
C02396,Customer_02396,M,40,Pune,2024-11-03
C02397,Customer_02397,M,24,Kolkata,2025-03-09
C02398,Customer_02398,M,40,Mumbai,2024-06-12
C02399,Customer_02399,F,42,Jaipur,2024-08-26
C02400,Customer_02400,F,44,Chennai,2024-11-12
C02401,Customer_02401,M,58,Chennai,2025-10-17
C02402,Customer_02402,M,23,Delhi,2024-11-30
C02403,Customer_02403,M,51,Jaipur,2024-01-18
C02404,Customer_02404,M,26,Ahmedabad,2024-03-11
C02405,Customer_02405,F,50,Delhi,2024-06-23
C02406,Customer_02406,F,23,Delhi,2024-12-04
C02407,Customer_02407,M,54,Bengaluru,2024-09-04
C02408,Customer_02408,M,48,Jaipur,2024-07-11
C02409,Customer_02409,Other,51,Mumbai,2025-02-22
C02410,Customer_02410,M,58,Delhi,2024-11-20
C02411,Customer_02411,F,46,Kolkata,2024-11-01
C02412,Customer_02412,M,31,Vijayawada,2024-07-22
C02413,Customer_02413,M,53,Ahmedabad,2024-05-02
C02414,Customer_02414,M,53,Ahmedabad,2025-07-23
C02415,Customer_02415,F,32,Delhi,2025-03-22
C02416,Customer_02416,F,25,Kolkata,2025-12-13
C02417,Customer_02417,M,43,Vijayawada,2025-05-05
C02418,Customer_02418,M,53,Hyderabad,2025-03-08
C02419,Customer_02419,M,38,Pune,2025-09-15
C02420,Customer_02420,M,45,Pune,2024-05-07
C02421,Customer_02421,M,21,Pune,2025-07-01
C02422,Customer_02422,M,33,Bengaluru,2024-02-16
C02423,Customer_02423,F,39,Ahmedabad,2025-05-19
C02424,Customer_02424,M,29,Chennai,2024-04-24
C02425,Customer_02425,M,33,Chennai,2025-02-19
C02426,Customer_02426,F,57,Bengaluru,2024-08-10
C02427,Customer_02427,M,55,Delhi,2025-09-27
C02428,Customer_02428,F,59,Jaipur,2025-05-17
C02429,Customer_02429,M,54,Jaipur,2025-11-02
C02430,Customer_02430,F,46,Pune,2024-04-05
C02431,Customer_02431,F,35,Jaipur,2024-04-16
C02432,Customer_02432,F,27,Delhi,2025-09-23
C02433,Customer_02433,Other,59,Hyderabad,2025-09-04
C02434,Customer_02434,M,56,Bengaluru,2025-09-06
C02435,Customer_02435,F,35,Hyderabad,2025-11-08
C02436,Customer_02436,M,18,Ahmedabad,2025-11-28
C02437,Customer_02437,M,56,Jaipur,2024-02-01
C02438,Customer_02438,M,38,Vijayawada,2025-05-07
C02439,Customer_02439,F,18,Pune,2024-03-06
C02440,Customer_02440,M,32,Bengaluru,2024-06-27
C02441,Customer_02441,F,21,Pune,2025-03-18
C02442,Customer_02442,F,37,Jaipur,2025-07-02
C02443,Customer_02443,F,27,Mumbai,2024-07-19
C02444,Customer_02444,F,40,Jaipur,2024-02-18
C02445,Customer_02445,M,58,Bengaluru,2025-11-10
C02446,Customer_02446,M,51,Chennai,2024-09-19
C02447,Customer_02447,M,50,Bengaluru,2024-05-12
C02448,Customer_02448,M,51,Kolkata,2024-12-09
C02449,Customer_02449,M,56,Vijayawada,2024-06-24
C02450,Customer_02450,M,27,Jaipur,2025-01-25
C02451,Customer_02451,M,37,Kolkata,2024-01-11
C02452,Customer_02452,F,18,Chennai,2024-07-19
C02453,Customer_02453,F,30,Delhi,2024-01-03
C02454,Customer_02454,M,18,Delhi,2024-08-01
C02455,Customer_02455,F,22,Vijayawada,2024-11-02
C02456,Customer_02456,M,33,Ahmedabad,2025-06-27
C02457,Customer_02457,M,32,Vijayawada,2025-07-13
C02458,Customer_02458,F,45,Vijayawada,2024-11-22
C02459,Customer_02459,M,48,Vijayawada,2024-07-17
C02460,Customer_02460,M,40,Vijayawada,2025-08-23
C02461,Customer_02461,Other,60,Vijayawada,2024-04-18
C02462,Customer_02462,F,34,Hyderabad,2024-10-17
C02463,Customer_02463,F,51,Chennai,2024-04-17
C02464,Customer_02464,F,30,Bengaluru,2025-02-11
C02465,Customer_02465,F,31,Jaipur,2025-07-05
C02466,Customer_02466,M,28,Kolkata,2024-02-21
C02467,Customer_02467,M,45,Vijayawada,2024-04-21
C02468,Customer_02468,M,59,Ahmedabad,2024-10-21
C02469,Customer_02469,M,49,Pune,2025-08-02
C02470,Customer_02470,F,52,Jaipur,2024-07-07
C02471,Customer_02471,M,48,Pune,2025-12-21
C02472,Customer_02472,F,34,Kolkata,2024-03-05
C02473,Customer_02473,F,26,Kolkata,2025-07-27
C02474,Customer_02474,F,27,Jaipur,2025-04-09
C02475,Customer_02475,F,25,Ahmedabad,2024-09-14
C02476,Customer_02476,F,38,Hyderabad,2025-10-07
C02477,Customer_02477,M,30,Delhi,2025-09-25
C02478,Customer_02478,F,22,Kolkata,2024-11-26
C02479,Customer_02479,M,23,Ahmedabad,2025-05-15
C02480,Customer_02480,F,47,Kolkata,2025-11-13
C02481,Customer_02481,M,48,Mumbai,2024-07-28
C02482,Customer_02482,F,34,Delhi,2024-03-29
C02483,Customer_02483,F,28,Kolkata,2025-11-09
C02484,Customer_02484,M,37,Ahmedabad,2024-01-28
C02485,Customer_02485,M,26,Kolkata,2024-08-25
C02486,Customer_02486,Other,19,Pune,2024-12-01
C02487,Customer_02487,M,54,Jaipur,2024-03-03
C02488,Customer_02488,F,18,Jaipur,2025-07-06
C02489,Customer_02489,F,21,Kolkata,2025-05-14
C02490,Customer_02490,M,53,Ahmedabad,2025-06-24
C02491,Customer_02491,M,42,Pune,2025-04-13
C02492,Customer_02492,M,20,Hyderabad,2025-08-14
C02493,Customer_02493,F,26,Hyderabad,2024-02-20
C02494,Customer_02494,M,39,Pune,2024-04-21
C02495,Customer_02495,F,40,Bengaluru,2024-10-27
C02496,Customer_02496,F,29,Ahmedabad,2024-03-30
C02497,Customer_02497,F,27,Hyderabad,2024-08-16
C02498,Customer_02498,F,51,Bengaluru,2024-05-29
C02499,Customer_02499,Other,60,Ahmedabad,2024-05-17
C02500,Customer_02500,M,27,Pune,2024-05-14
C02501,Customer_02501,F,47,Vijayawada,2025-04-01
C02502,Customer_02502,F,39,Bengaluru,2025-08-23
C02503,Customer_02503,F,23,Bengaluru,2025-05-08
C02504,Customer_02504,F,19,Kolkata,2025-06-10
C02505,Customer_02505,M,47,Chennai,2024-11-28
C02506,Customer_02506,M,19,Chennai,2024-12-27
C02507,Customer_02507,F,49,Ahmedabad,2024-06-22
C02508,Customer_02508,M,59,Kolkata,2025-08-24
C02509,Customer_02509,F,33,Jaipur,2024-07-31
C02510,Customer_02510,F,29,Delhi,2024-12-08
C02511,Customer_02511,M,18,Vijayawada,2024-03-01
C02512,Customer_02512,F,25,Delhi,2024-03-01
C02513,Customer_02513,M,30,Bengaluru,2025-11-08
C02514,Customer_02514,F,32,Mumbai,2025-06-07
C02515,Customer_02515,F,25,Hyderabad,2024-08-03
C02516,Customer_02516,F,27,Hyderabad,2025-08-11
C02517,Customer_02517,M,22,Kolkata,2025-09-15
C02518,Customer_02518,M,36,Chennai,2025-07-31
C02519,Customer_02519,F,55,Mumbai,2025-11-24
C02520,Customer_02520,F,28,Kolkata,2025-02-26
C02521,Customer_02521,F,60,Bengaluru,2025-12-16
C02522,Customer_02522,M,37,Mumbai,2025-02-26
C02523,Customer_02523,M,37,Hyderabad,2025-01-05
C02524,Customer_02524,M,38,Ahmedabad,2024-07-24
C02525,Customer_02525,F,35,Bengaluru,2024-10-12
C02526,Customer_02526,M,27,Kolkata,2024-04-14
C02527,Customer_02527,M,51,Jaipur,2025-11-18
C02528,Customer_02528,F,43,Pune,2025-12-23
C02529,Customer_02529,M,47,Bengaluru,2025-06-26
C02530,Customer_02530,Other,26,Bengaluru,2024-08-29
C02531,Customer_02531,F,48,Jaipur,2025-05-05
C02532,Customer_02532,F,59,Vijayawada,2025-10-26
C02533,Customer_02533,M,21,Ahmedabad,2025-12-08
C02534,Customer_02534,M,23,Jaipur,2025-05-12
C02535,Customer_02535,F,31,Delhi,2025-03-10
C02536,Customer_02536,F,21,Delhi,2025-04-28
C02537,Customer_02537,F,43,Bengaluru,2025-03-22
C02538,Customer_02538,M,56,Vijayawada,2025-01-18
C02539,Customer_02539,F,34,Hyderabad,2025-05-24
C02540,Customer_02540,F,36,Vijayawada,2024-06-18
C02541,Customer_02541,F,23,Delhi,2024-11-18
C02542,Customer_02542,F,46,Vijayawada,2025-04-18
C02543,Customer_02543,F,28,Vijayawada,2024-08-19
C02544,Customer_02544,F,33,Ahmedabad,2025-11-26
C02545,Customer_02545,M,47,Bengaluru,2024-12-24
C02546,Customer_02546,M,42,Ahmedabad,2024-10-01
C02547,Customer_02547,M,57,Hyderabad,2024-02-01
C02548,Customer_02548,M,28,Hyderabad,2024-06-25
C02549,Customer_02549,M,24,Delhi,2024-03-05
C02550,Customer_02550,M,43,Kolkata,2025-12-10
C02551,Customer_02551,M,39,Jaipur,2024-01-27
C02552,Customer_02552,M,42,Chennai,2025-10-24
C02553,Customer_02553,F,36,Bengaluru,2025-04-23
C02554,Customer_02554,F,48,Kolkata,2024-09-24
C02555,Customer_02555,M,43,Bengaluru,2025-08-19
C02556,Customer_02556,F,59,Jaipur,2024-03-06
C02557,Customer_02557,F,58,Jaipur,2024-05-12
C02558,Customer_02558,M,53,Mumbai,2024-12-31
C02559,Customer_02559,M,40,Ahmedabad,2024-03-22
C02560,Customer_02560,F,30,Delhi,2024-11-23
C02561,Customer_02561,F,42,Mumbai,2024-04-07
C02562,Customer_02562,F,19,Hyderabad,2025-08-07
C02563,Customer_02563,M,19,Chennai,2024-11-22
C02564,Customer_02564,M,33,Delhi,2025-06-25
C02565,Customer_02565,M,26,Hyderabad,2024-05-04
C02566,Customer_02566,M,45,Vijayawada,2024-07-28
C02567,Customer_02567,M,30,Ahmedabad,2025-12-25
C02568,Customer_02568,M,52,Ahmedabad,2024-05-12
C02569,Customer_02569,F,58,Ahmedabad,2025-05-17
C02570,Customer_02570,F,30,Mumbai,2024-06-05
C02571,Customer_02571,M,48,Pune,2025-07-12
C02572,Customer_02572,F,38,Kolkata,2025-01-16
C02573,Customer_02573,M,49,Jaipur,2024-01-22
C02574,Customer_02574,M,51,Chennai,2025-08-17
C02575,Customer_02575,M,25,Jaipur,2025-02-22
C02576,Customer_02576,F,58,Pune,2025-04-16
C02577,Customer_02577,F,19,Vijayawada,2024-08-21
C02578,Customer_02578,F,55,Vijayawada,2025-07-25
C02579,Customer_02579,M,49,Vijayawada,2025-03-29
C02580,Customer_02580,F,57,Delhi,2025-11-30
C02581,Customer_02581,M,45,Hyderabad,2025-07-23
C02582,Customer_02582,F,54,Hyderabad,2024-06-10
C02583,Customer_02583,F,58,Vijayawada,2024-10-27
C02584,Customer_02584,M,18,Chennai,2024-11-01
C02585,Customer_02585,F,58,Mumbai,2024-01-02
C02586,Customer_02586,F,27,Chennai,2024-09-27
C02587,Customer_02587,M,21,Chennai,2025-02-24
C02588,Customer_02588,F,52,Hyderabad,2024-05-22
C02589,Customer_02589,M,27,Ahmedabad,2025-11-30
C02590,Customer_02590,F,28,Chennai,2025-11-22
C02591,Customer_02591,F,31,Chennai,2025-06-18
C02592,Customer_02592,F,55,Jaipur,2024-02-06
C02593,Customer_02593,F,29,Ahmedabad,2024-04-16
C02594,Customer_02594,F,34,Hyderabad,2024-10-23
C02595,Customer_02595,M,33,Mumbai,2024-04-06
C02596,Customer_02596,F,52,Kolkata,2024-10-07
C02597,Customer_02597,M,19,Hyderabad,2024-04-19
C02598,Customer_02598,F,28,Hyderabad,2025-07-02
C02599,Customer_02599,M,58,Chennai,2025-07-05
C02600,Customer_02600,M,20,Jaipur,2025-08-19
C02601,Customer_02601,F,46,Pune,2024-07-06
C02602,Customer_02602,M,35,Vijayawada,2025-05-02
C02603,Customer_02603,F,37,Bengaluru,2024-12-19
C02604,Customer_02604,M,31,Jaipur,2024-01-19
C02605,Customer_02605,M,51,Pune,2025-01-27
C02606,Customer_02606,F,48,Chennai,2024-09-17
C02607,Customer_02607,M,57,Chennai,2025-02-13
C02608,Customer_02608,M,59,Mumbai,2025-02-06
C02609,Customer_02609,F,35,Pune,2025-10-31
C02610,Customer_02610,M,47,Delhi,2025-04-28
C02611,Customer_02611,F,42,Vijayawada,2024-10-30
C02612,Customer_02612,M,36,Bengaluru,2025-09-15
C02613,Customer_02613,M,25,Mumbai,2025-10-17
C02614,Customer_02614,F,45,Jaipur,2024-01-18
C02615,Customer_02615,M,25,Jaipur,2024-07-02
C02616,Customer_02616,M,48,Pune,2025-02-08
C02617,Customer_02617,M,20,Vijayawada,2024-05-10
C02618,Customer_02618,M,20,Vijayawada,2025-04-23
C02619,Customer_02619,F,39,Jaipur,2024-01-08
C02620,Customer_02620,M,34,Delhi,2025-12-05
C02621,Customer_02621,F,53,Chennai,2024-11-13
C02622,Customer_02622,F,34,Vijayawada,2025-01-25
C02623,Customer_02623,M,31,Pune,2025-06-02
C02624,Customer_02624,F,26,Jaipur,2024-05-15
C02625,Customer_02625,M,47,Chennai,2025-06-14
C02626,Customer_02626,F,38,Ahmedabad,2025-10-12
C02627,Customer_02627,M,29,Hyderabad,2025-01-01
C02628,Customer_02628,F,54,Chennai,2025-05-03
C02629,Customer_02629,F,49,Vijayawada,2025-11-19
C02630,Customer_02630,M,28,Hyderabad,2024-01-11
C02631,Customer_02631,F,37,Vijayawada,2025-07-06
C02632,Customer_02632,F,52,Pune,2025-03-21
C02633,Customer_02633,M,28,Kolkata,2024-04-23
C02634,Customer_02634,M,25,Chennai,2025-11-22
C02635,Customer_02635,F,21,Hyderabad,2025-12-06
C02636,Customer_02636,F,44,Pune,2024-07-14
C02637,Customer_02637,F,57,Vijayawada,2024-11-18
C02638,Customer_02638,F,55,Chennai,2025-05-26
C02639,Customer_02639,F,47,Pune,2025-09-19
C02640,Customer_02640,F,44,Vijayawada,2025-10-23
C02641,Customer_02641,M,38,Kolkata,2025-09-21
C02642,Customer_02642,M,37,Kolkata,2024-06-13
C02643,Customer_02643,F,21,Bengaluru,2024-09-08
C02644,Customer_02644,F,28,Mumbai,2024-02-13
C02645,Customer_02645,M,30,Pune,2025-04-14
C02646,Customer_02646,M,26,Mumbai,2025-05-03
C02647,Customer_02647,F,21,Bengaluru,2024-06-29
C02648,Customer_02648,F,29,Delhi,2024-03-17
C02649,Customer_02649,M,26,Chennai,2025-01-08
C02650,Customer_02650,M,30,Vijayawada,2025-09-19
C02651,Customer_02651,M,43,Jaipur,2024-03-07
C02652,Customer_02652,M,55,Mumbai,2025-06-08
C02653,Customer_02653,M,59,Mumbai,2024-04-01
C02654,Customer_02654,M,30,Pune,2025-10-12
C02655,Customer_02655,F,56,Chennai,2024-08-31
C02656,Customer_02656,M,45,Pune,2024-12-06
C02657,Customer_02657,F,36,Kolkata,2024-10-30
C02658,Customer_02658,F,41,Mumbai,2025-02-01
C02659,Customer_02659,M,36,Chennai,2025-12-03
C02660,Customer_02660,F,30,Ahmedabad,2025-03-23
C02661,Customer_02661,M,30,Delhi,2024-04-06
C02662,Customer_02662,F,45,Vijayawada,2024-11-26
C02663,Customer_02663,M,19,Bengaluru,2024-07-23
C02664,Customer_02664,F,27,Delhi,2025-03-24
C02665,Customer_02665,F,39,Bengaluru,2025-02-21
C02666,Customer_02666,M,30,Mumbai,2025-10-10
C02667,Customer_02667,M,26,Delhi,2024-03-17
C02668,Customer_02668,F,50,Delhi,2025-07-02
C02669,Customer_02669,F,31,Vijayawada,2025-02-28
C02670,Customer_02670,M,37,Jaipur,2025-03-04
C02671,Customer_02671,F,32,Vijayawada,2025-04-29
C02672,Customer_02672,M,49,Pune,2024-05-14
C02673,Customer_02673,F,50,Jaipur,2025-10-15
C02674,Customer_02674,M,34,Delhi,2024-09-10
C02675,Customer_02675,F,41,Jaipur,2025-07-13
C02676,Customer_02676,M,47,Jaipur,2024-09-11
C02677,Customer_02677,M,30,Pune,2025-10-07
C02678,Customer_02678,M,33,Chennai,2025-12-20
C02679,Customer_02679,M,19,Mumbai,2025-05-13
C02680,Customer_02680,F,34,Chennai,2025-09-04
C02681,Customer_02681,M,49,Mumbai,2025-04-28
C02682,Customer_02682,F,60,Chennai,2024-02-15
C02683,Customer_02683,M,25,Chennai,2025-03-18
C02684,Customer_02684,M,20,Bengaluru,2025-08-04
C02685,Customer_02685,M,29,Jaipur,2025-10-09
C02686,Customer_02686,M,37,Kolkata,2025-08-01
C02687,Customer_02687,M,33,Pune,2024-01-04
C02688,Customer_02688,M,31,Chennai,2024-01-01
C02689,Customer_02689,F,33,Delhi,2024-10-16
C02690,Customer_02690,M,60,Ahmedabad,2024-04-18
C02691,Customer_02691,F,50,Bengaluru,2025-07-28
C02692,Customer_02692,F,47,Ahmedabad,2025-04-04
C02693,Customer_02693,M,29,Hyderabad,2024-09-22
C02694,Customer_02694,M,32,Vijayawada,2024-05-17
C02695,Customer_02695,F,35,Hyderabad,2025-03-09
C02696,Customer_02696,F,45,Mumbai,2024-02-13
C02697,Customer_02697,F,40,Chennai,2025-05-24
C02698,Customer_02698,M,31,Pune,2024-09-18
C02699,Customer_02699,F,47,Delhi,2025-12-28
C02700,Customer_02700,F,50,Kolkata,2025-09-24
C02701,Customer_02701,F,32,Kolkata,2024-05-31
C02702,Customer_02702,F,24,Bengaluru,2024-07-31
C02703,Customer_02703,M,32,Bengaluru,2024-08-21
C02704,Customer_02704,M,59,Bengaluru,2025-09-14
C02705,Customer_02705,F,55,Bengaluru,2024-12-26
C02706,Customer_02706,F,28,Jaipur,2024-11-15
C02707,Customer_02707,M,46,Chennai,2024-08-09
C02708,Customer_02708,M,48,Ahmedabad,2024-07-28
C02709,Customer_02709,M,42,Chennai,2025-01-30
C02710,Customer_02710,M,41,Chennai,2025-08-05
C02711,Customer_02711,F,36,Hyderabad,2025-05-03
C02712,Customer_02712,F,19,Pune,2025-08-23
C02713,Customer_02713,M,39,Delhi,2025-04-08
C02714,Customer_02714,M,37,Mumbai,2025-11-30
C02715,Customer_02715,M,50,Pune,2025-09-15
C02716,Customer_02716,M,25,Bengaluru,2025-03-27
C02717,Customer_02717,F,42,Ahmedabad,2025-02-16
C02718,Customer_02718,F,26,Hyderabad,2025-04-20
C02719,Customer_02719,F,51,Jaipur,2024-09-12
C02720,Customer_02720,M,40,Ahmedabad,2024-05-29
C02721,Customer_02721,F,22,Hyderabad,2024-05-06
C02722,Customer_02722,F,42,Vijayawada,2025-01-26
C02723,Customer_02723,F,25,Jaipur,2025-04-24
C02724,Customer_02724,M,33,Bengaluru,2025-01-31
C02725,Customer_02725,M,32,Mumbai,2025-02-05
C02726,Customer_02726,M,18,Bengaluru,2024-09-30
C02727,Customer_02727,M,39,Ahmedabad,2024-05-18
C02728,Customer_02728,M,20,Bengaluru,2024-04-12
C02729,Customer_02729,M,55,Vijayawada,2024-08-29
C02730,Customer_02730,M,31,Bengaluru,2024-04-26
C02731,Customer_02731,F,53,Hyderabad,2024-08-01
C02732,Customer_02732,M,35,Kolkata,2025-04-28
C02733,Customer_02733,M,58,Bengaluru,2025-06-12
C02734,Customer_02734,F,35,Vijayawada,2025-11-21
C02735,Customer_02735,F,20,Chennai,2024-08-11
C02736,Customer_02736,F,27,Chennai,2024-09-26
C02737,Customer_02737,Other,56,Mumbai,2024-05-13
C02738,Customer_02738,F,18,Mumbai,2024-04-23
C02739,Customer_02739,F,44,Mumbai,2025-03-16
C02740,Customer_02740,M,44,Pune,2025-10-05
C02741,Customer_02741,M,28,Delhi,2025-10-12
C02742,Customer_02742,M,22,Mumbai,2024-12-30
C02743,Customer_02743,M,24,Bengaluru,2024-08-19
C02744,Customer_02744,M,36,Mumbai,2025-04-02
C02745,Customer_02745,F,46,Delhi,2025-01-09
C02746,Customer_02746,F,32,Pune,2025-08-26
C02747,Customer_02747,F,52,Delhi,2025-09-02
C02748,Customer_02748,M,54,Ahmedabad,2024-07-25
C02749,Customer_02749,F,29,Mumbai,2025-06-03
C02750,Customer_02750,F,47,Mumbai,2025-04-12
C02751,Customer_02751,M,37,Mumbai,2025-03-18
C02752,Customer_02752,F,54,Ahmedabad,2024-11-16
C02753,Customer_02753,M,20,Delhi,2024-04-02
C02754,Customer_02754,M,26,Hyderabad,2025-02-11
C02755,Customer_02755,F,58,Bengaluru,2024-06-06
C02756,Customer_02756,M,56,Vijayawada,2024-04-08
C02757,Customer_02757,M,43,Bengaluru,2024-08-12
C02758,Customer_02758,F,19,Mumbai,2025-03-16
C02759,Customer_02759,F,40,Pune,2025-12-20
C02760,Customer_02760,M,40,Ahmedabad,2025-08-07
C02761,Customer_02761,M,38,Hyderabad,2025-02-04
C02762,Customer_02762,M,33,Jaipur,2025-07-24
C02763,Customer_02763,F,26,Hyderabad,2024-03-04
C02764,Customer_02764,M,30,Vijayawada,2025-07-13
C02765,Customer_02765,M,45,Bengaluru,2024-10-05
C02766,Customer_02766,F,44,Mumbai,2025-12-10
C02767,Customer_02767,F,34,Kolkata,2025-10-31
C02768,Customer_02768,M,55,Jaipur,2025-06-02
C02769,Customer_02769,F,53,Mumbai,2024-09-04
C02770,Customer_02770,F,18,Ahmedabad,2025-01-02
C02771,Customer_02771,M,35,Jaipur,2025-09-09
C02772,Customer_02772,M,26,Vijayawada,2024-04-07
C02773,Customer_02773,F,30,Kolkata,2024-09-24
C02774,Customer_02774,M,57,Delhi,2024-02-29
C02775,Customer_02775,F,32,Delhi,2025-05-14
C02776,Customer_02776,M,60,Delhi,2024-11-03
C02777,Customer_02777,M,21,Pune,2025-05-07
C02778,Customer_02778,M,50,Delhi,2025-02-14
C02779,Customer_02779,M,41,Chennai,2024-05-19
C02780,Customer_02780,M,53,Jaipur,2024-11-23
C02781,Customer_02781,M,58,Kolkata,2025-04-08
C02782,Customer_02782,F,27,Ahmedabad,2025-12-02
C02783,Customer_02783,Other,53,Chennai,2025-09-28
C02784,Customer_02784,F,37,Chennai,2024-06-11
C02785,Customer_02785,F,58,Kolkata,2024-02-29
C02786,Customer_02786,M,28,Ahmedabad,2024-01-31
C02787,Customer_02787,F,29,Jaipur,2024-11-28
C02788,Customer_02788,M,35,Bengaluru,2024-03-16
C02789,Customer_02789,F,47,Mumbai,2024-11-12
C02790,Customer_02790,Other,54,Bengaluru,2025-02-20
C02791,Customer_02791,F,37,Vijayawada,2024-07-08
C02792,Customer_02792,Other,42,Kolkata,2025-05-03
C02793,Customer_02793,F,29,Bengaluru,2024-11-10
C02794,Customer_02794,M,38,Bengaluru,2024-10-22
C02795,Customer_02795,M,42,Bengaluru,2025-05-15
C02796,Customer_02796,F,28,Delhi,2024-06-25
C02797,Customer_02797,M,26,Hyderabad,2025-12-19
C02798,Customer_02798,F,42,Bengaluru,2024-08-02
C02799,Customer_02799,Other,52,Mumbai,2025-10-14
C02800,Customer_02800,M,49,Kolkata,2025-08-19
C02801,Customer_02801,F,31,Vijayawada,2025-11-24
C02802,Customer_02802,F,18,Hyderabad,2024-11-27
C02803,Customer_02803,F,34,Pune,2024-05-07
C02804,Customer_02804,F,42,Mumbai,2024-09-25
C02805,Customer_02805,F,25,Mumbai,2025-07-04
C02806,Customer_02806,F,22,Delhi,2025-06-18
C02807,Customer_02807,F,22,Delhi,2024-12-31
C02808,Customer_02808,M,58,Kolkata,2025-09-10
C02809,Customer_02809,M,52,Mumbai,2024-12-13
C02810,Customer_02810,F,36,Ahmedabad,2024-05-21
C02811,Customer_02811,M,40,Ahmedabad,2024-05-24
C02812,Customer_02812,F,26,Kolkata,2024-09-01
C02813,Customer_02813,F,47,Bengaluru,2025-03-17
C02814,Customer_02814,M,33,Chennai,2025-12-03
C02815,Customer_02815,F,50,Pune,2024-10-16
C02816,Customer_02816,F,19,Vijayawada,2025-11-21
C02817,Customer_02817,F,31,Delhi,2024-04-21
C02818,Customer_02818,M,18,Vijayawada,2024-08-01
C02819,Customer_02819,M,43,Chennai,2025-10-11
C02820,Customer_02820,M,42,Jaipur,2024-07-18
C02821,Customer_02821,F,33,Kolkata,2025-02-08
C02822,Customer_02822,M,32,Bengaluru,2025-02-24
C02823,Customer_02823,F,43,Hyderabad,2024-01-07
C02824,Customer_02824,M,33,Bengaluru,2025-06-08
C02825,Customer_02825,M,31,Mumbai,2025-08-14
C02826,Customer_02826,F,46,Bengaluru,2024-10-12
C02827,Customer_02827,F,41,Mumbai,2025-11-01
C02828,Customer_02828,M,32,Vijayawada,2025-01-23
C02829,Customer_02829,M,36,Jaipur,2025-02-19
C02830,Customer_02830,M,25,Delhi,2025-12-13
C02831,Customer_02831,M,51,Jaipur,2024-05-29
C02832,Customer_02832,F,19,Mumbai,2025-03-03
C02833,Customer_02833,M,44,Hyderabad,2024-10-19
C02834,Customer_02834,M,27,Chennai,2024-11-29
C02835,Customer_02835,M,52,Vijayawada,2024-09-28
C02836,Customer_02836,F,40,Vijayawada,2024-02-12
C02837,Customer_02837,Other,25,Bengaluru,2025-04-12
C02838,Customer_02838,M,45,Delhi,2024-11-14
C02839,Customer_02839,F,40,Bengaluru,2025-05-06
C02840,Customer_02840,M,21,Bengaluru,2025-06-10
C02841,Customer_02841,M,31,Mumbai,2024-06-20
C02842,Customer_02842,F,59,Chennai,2025-12-30
C02843,Customer_02843,F,46,Delhi,2025-10-10
C02844,Customer_02844,F,18,Bengaluru,2024-11-16
C02845,Customer_02845,F,21,Vijayawada,2024-02-13
C02846,Customer_02846,M,49,Bengaluru,2025-06-15
C02847,Customer_02847,F,50,Pune,2025-09-22
C02848,Customer_02848,M,43,Kolkata,2025-03-29
C02849,Customer_02849,F,34,Vijayawada,2024-03-23
C02850,Customer_02850,M,56,Pune,2025-06-26
C02851,Customer_02851,F,40,Kolkata,2024-11-17
C02852,Customer_02852,M,49,Hyderabad,2024-08-21
C02853,Customer_02853,M,32,Pune,2025-06-23
C02854,Customer_02854,F,30,Mumbai,2024-09-08
C02855,Customer_02855,M,19,Hyderabad,2025-03-24
C02856,Customer_02856,F,36,Ahmedabad,2024-08-26
C02857,Customer_02857,M,41,Delhi,2025-05-04
C02858,Customer_02858,M,41,Vijayawada,2025-04-08
C02859,Customer_02859,M,28,Ahmedabad,2024-11-09
C02860,Customer_02860,M,39,Vijayawada,2024-06-23
C02861,Customer_02861,F,32,Delhi,2025-12-06
C02862,Customer_02862,M,27,Delhi,2024-06-28
C02863,Customer_02863,F,58,Vijayawada,2025-01-19
C02864,Customer_02864,F,44,Delhi,2024-10-21
C02865,Customer_02865,M,26,Pune,2024-08-02
C02866,Customer_02866,F,45,Jaipur,2025-12-15
C02867,Customer_02867,F,18,Chennai,2024-03-15
C02868,Customer_02868,F,34,Vijayawada,2024-12-09
C02869,Customer_02869,M,48,Ahmedabad,2025-12-14
C02870,Customer_02870,M,27,Ahmedabad,2024-05-21
C02871,Customer_02871,F,54,Delhi,2025-12-18
C02872,Customer_02872,F,46,Vijayawada,2024-07-17
C02873,Customer_02873,F,35,Jaipur,2024-06-19
C02874,Customer_02874,M,55,Jaipur,2025-02-09
C02875,Customer_02875,F,56,Chennai,2024-08-15
C02876,Customer_02876,M,23,Pune,2025-02-14
C02877,Customer_02877,F,57,Chennai,2025-11-21
C02878,Customer_02878,M,29,Mumbai,2024-03-02
C02879,Customer_02879,F,31,Ahmedabad,2024-11-22
C02880,Customer_02880,M,27,Jaipur,2025-12-16
C02881,Customer_02881,M,37,Delhi,2024-05-12
C02882,Customer_02882,F,32,Jaipur,2025-08-06
C02883,Customer_02883,M,48,Jaipur,2025-08-12
C02884,Customer_02884,M,24,Kolkata,2024-07-07
C02885,Customer_02885,M,58,Ahmedabad,2024-12-21
C02886,Customer_02886,F,27,Mumbai,2024-03-11
C02887,Customer_02887,F,27,Chennai,2024-09-19
C02888,Customer_02888,M,56,Mumbai,2024-11-01
C02889,Customer_02889,F,45,Kolkata,2025-07-11
C02890,Customer_02890,F,47,Pune,2024-08-11
C02891,Customer_02891,M,54,Mumbai,2024-11-23
C02892,Customer_02892,F,20,Jaipur,2025-08-10
C02893,Customer_02893,F,60,Hyderabad,2024-03-14
C02894,Customer_02894,F,32,Vijayawada,2025-05-25
C02895,Customer_02895,M,38,Mumbai,2024-05-21
C02896,Customer_02896,F,54,Vijayawada,2025-08-07
C02897,Customer_02897,F,29,Kolkata,2024-04-11
C02898,Customer_02898,M,21,Mumbai,2025-08-28
C02899,Customer_02899,M,26,Mumbai,2025-08-03
C02900,Customer_02900,M,56,Bengaluru,2024-03-05
C02901,Customer_02901,M,59,Jaipur,2024-07-11
C02902,Customer_02902,F,45,Delhi,2024-03-02
C02903,Customer_02903,M,40,Vijayawada,2025-06-15
C02904,Customer_02904,M,57,Pune,2024-08-28
C02905,Customer_02905,F,39,Bengaluru,2025-12-15
C02906,Customer_02906,M,41,Jaipur,2025-02-13
C02907,Customer_02907,F,43,Kolkata,2024-10-26
C02908,Customer_02908,M,47,Vijayawada,2024-07-13
C02909,Customer_02909,M,50,Chennai,2025-03-29
C02910,Customer_02910,M,33,Kolkata,2025-07-27
C02911,Customer_02911,M,39,Delhi,2025-09-10
C02912,Customer_02912,M,60,Vijayawada,2025-09-28
C02913,Customer_02913,F,35,Kolkata,2024-10-27
C02914,Customer_02914,F,24,Bengaluru,2025-03-31
C02915,Customer_02915,M,43,Kolkata,2024-07-20
C02916,Customer_02916,F,25,Delhi,2025-11-04
C02917,Customer_02917,F,23,Delhi,2024-10-28
C02918,Customer_02918,F,47,Hyderabad,2025-09-15
C02919,Customer_02919,M,56,Mumbai,2024-12-02
C02920,Customer_02920,M,40,Chennai,2024-02-01
C02921,Customer_02921,M,49,Chennai,2024-04-07
C02922,Customer_02922,F,39,Bengaluru,2024-07-09
C02923,Customer_02923,F,59,Delhi,2025-06-24
C02924,Customer_02924,M,60,Hyderabad,2024-02-17
C02925,Customer_02925,M,26,Jaipur,2024-09-06
C02926,Customer_02926,F,48,Hyderabad,2024-08-13
C02927,Customer_02927,F,24,Pune,2024-09-28
C02928,Customer_02928,Other,26,Kolkata,2025-10-26
C02929,Customer_02929,F,30,Mumbai,2025-04-29
C02930,Customer_02930,M,20,Hyderabad,2024-11-23
C02931,Customer_02931,F,52,Kolkata,2024-06-28
C02932,Customer_02932,F,50,Mumbai,2025-10-26
C02933,Customer_02933,M,38,Vijayawada,2024-01-23
C02934,Customer_02934,F,48,Pune,2025-08-28
C02935,Customer_02935,F,51,Pune,2025-01-04
C02936,Customer_02936,M,49,Delhi,2024-09-01
C02937,Customer_02937,F,52,Pune,2024-06-08
C02938,Customer_02938,F,32,Vijayawada,2025-01-07
C02939,Customer_02939,F,49,Delhi,2024-10-11
C02940,Customer_02940,M,23,Ahmedabad,2025-06-04
C02941,Customer_02941,M,38,Jaipur,2025-03-25
C02942,Customer_02942,F,50,Bengaluru,2025-11-27
C02943,Customer_02943,M,49,Kolkata,2025-10-08
C02944,Customer_02944,F,36,Jaipur,2025-09-13
C02945,Customer_02945,F,50,Jaipur,2025-08-03
C02946,Customer_02946,M,45,Chennai,2024-05-15
C02947,Customer_02947,F,48,Hyderabad,2024-04-05
C02948,Customer_02948,F,38,Pune,2024-04-28
C02949,Customer_02949,M,51,Ahmedabad,2025-01-08
C02950,Customer_02950,F,32,Hyderabad,2024-09-30
C02951,Customer_02951,F,31,Bengaluru,2024-06-25
C02952,Customer_02952,F,36,Hyderabad,2024-10-03
C02953,Customer_02953,F,60,Chennai,2024-05-17
C02954,Customer_02954,M,32,Bengaluru,2024-05-11
C02955,Customer_02955,F,23,Vijayawada,2024-02-13
C02956,Customer_02956,F,26,Vijayawada,2024-05-02
C02957,Customer_02957,F,54,Delhi,2024-05-15
C02958,Customer_02958,F,37,Hyderabad,2025-01-01
C02959,Customer_02959,M,51,Kolkata,2025-01-07
C02960,Customer_02960,F,55,Ahmedabad,2024-05-05
C02961,Customer_02961,M,43,Chennai,2025-03-14
C02962,Customer_02962,M,35,Bengaluru,2025-07-29
C02963,Customer_02963,M,45,Ahmedabad,2024-02-20
C02964,Customer_02964,F,26,Hyderabad,2024-05-16
C02965,Customer_02965,F,49,Kolkata,2024-06-06
C02966,Customer_02966,F,23,Hyderabad,2024-02-25
C02967,Customer_02967,F,31,Pune,2025-08-15
C02968,Customer_02968,F,45,Pune,2025-03-03
C02969,Customer_02969,F,41,Chennai,2025-03-18
C02970,Customer_02970,F,30,Bengaluru,2024-11-21
C02971,Customer_02971,M,60,Bengaluru,2025-10-01
C02972,Customer_02972,M,29,Jaipur,2025-09-29
C02973,Customer_02973,F,36,Chennai,2024-03-20
C02974,Customer_02974,F,38,Chennai,2025-04-18
C02975,Customer_02975,M,44,Kolkata,2025-01-11
C02976,Customer_02976,M,36,Pune,2024-11-28
C02977,Customer_02977,F,41,Bengaluru,2024-06-23
C02978,Customer_02978,M,43,Hyderabad,2025-10-18
C02979,Customer_02979,F,45,Chennai,2025-03-16
C02980,Customer_02980,F,35,Delhi,2024-05-05
C02981,Customer_02981,M,53,Mumbai,2025-11-24
C02982,Customer_02982,M,59,Bengaluru,2024-08-06
C02983,Customer_02983,F,46,Vijayawada,2024-10-04
C02984,Customer_02984,F,34,Bengaluru,2025-04-29
C02985,Customer_02985,F,21,Delhi,2025-08-17
C02986,Customer_02986,F,46,Bengaluru,2024-05-20
C02987,Customer_02987,M,21,Delhi,2025-08-29
C02988,Customer_02988,F,27,Mumbai,2025-12-06
C02989,Customer_02989,F,42,Jaipur,2024-04-19
C02990,Customer_02990,F,48,Kolkata,2024-02-21
C02991,Customer_02991,M,20,Mumbai,2025-09-06
C02992,Customer_02992,F,19,Ahmedabad,2025-09-04
C02993,Customer_02993,F,42,Jaipur,2025-10-15
C02994,Customer_02994,M,23,Kolkata,2025-12-13
C02995,Customer_02995,M,43,Pune,2024-11-14
C02996,Customer_02996,F,25,Delhi,2024-07-17
C02997,Customer_02997,M,52,Chennai,2025-12-29
C02998,Customer_02998,M,44,Ahmedabad,2024-02-15
C02999,Customer_02999,M,42,Mumbai,2025-05-19
C03000,Customer_03000,F,35,Bengaluru,2025-06-23
C03001,Customer_03001,F,18,Mumbai,2025-05-28
C03002,Customer_03002,F,56,Kolkata,2024-01-17
C03003,Customer_03003,M,20,Ahmedabad,2024-11-10
C03004,Customer_03004,F,21,Hyderabad,2025-03-11
C03005,Customer_03005,F,58,Kolkata,2025-01-22
C03006,Customer_03006,F,54,Jaipur,2024-03-17
C03007,Customer_03007,F,32,Mumbai,2025-01-05
C03008,Customer_03008,M,25,Mumbai,2024-06-13
C03009,Customer_03009,F,55,Ahmedabad,2025-08-31
C03010,Customer_03010,M,36,Delhi,2025-09-08
C03011,Customer_03011,F,43,Ahmedabad,2024-01-24
C03012,Customer_03012,M,56,Chennai,2025-12-12
C03013,Customer_03013,M,27,Mumbai,2024-02-04
C03014,Customer_03014,M,55,Delhi,2025-05-28
C03015,Customer_03015,F,31,Delhi,2025-04-05
C03016,Customer_03016,M,58,Ahmedabad,2024-05-17
C03017,Customer_03017,F,36,Pune,2025-07-27
C03018,Customer_03018,M,47,Kolkata,2025-12-09
C03019,Customer_03019,M,22,Jaipur,2025-07-24
C03020,Customer_03020,F,48,Pune,2024-09-21
C03021,Customer_03021,M,24,Mumbai,2024-11-28
C03022,Customer_03022,M,36,Mumbai,2024-07-06
C03023,Customer_03023,F,48,Mumbai,2024-03-03
C03024,Customer_03024,M,56,Vijayawada,2024-10-05
C03025,Customer_03025,M,41,Bengaluru,2025-06-25
C03026,Customer_03026,M,51,Hyderabad,2024-06-19
C03027,Customer_03027,F,40,Vijayawada,2025-05-17
C03028,Customer_03028,F,57,Hyderabad,2025-06-16
C03029,Customer_03029,F,23,Delhi,2024-10-25
C03030,Customer_03030,F,55,Mumbai,2024-07-19
C03031,Customer_03031,M,58,Chennai,2024-05-14
C03032,Customer_03032,M,53,Jaipur,2024-09-28
C03033,Customer_03033,F,44,Ahmedabad,2025-06-18
C03034,Customer_03034,M,28,Jaipur,2025-03-17
C03035,Customer_03035,M,22,Chennai,2024-03-27
C03036,Customer_03036,M,34,Ahmedabad,2024-01-31
C03037,Customer_03037,M,24,Delhi,2024-04-30
C03038,Customer_03038,Other,44,Chennai,2024-03-09
C03039,Customer_03039,M,32,Mumbai,2025-10-07
C03040,Customer_03040,F,30,Chennai,2025-05-10
C03041,Customer_03041,M,28,Mumbai,2024-05-25
C03042,Customer_03042,F,43,Chennai,2024-11-28
C03043,Customer_03043,M,39,Chennai,2025-04-25
C03044,Customer_03044,M,45,Pune,2024-09-19
C03045,Customer_03045,F,41,Jaipur,2024-10-19
C03046,Customer_03046,F,46,Hyderabad,2025-03-04
C03047,Customer_03047,M,26,Vijayawada,2024-03-26
C03048,Customer_03048,M,59,Pune,2024-01-16
C03049,Customer_03049,M,21,Hyderabad,2025-12-28
C03050,Customer_03050,M,35,Pune,2025-09-19
C03051,Customer_03051,M,60,Bengaluru,2024-04-27
C03052,Customer_03052,M,33,Ahmedabad,2024-09-26
C03053,Customer_03053,M,50,Mumbai,2025-01-29
C03054,Customer_03054,M,46,Vijayawada,2024-06-10
C03055,Customer_03055,F,56,Pune,2025-11-30
C03056,Customer_03056,F,27,Pune,2024-04-13
C03057,Customer_03057,F,26,Delhi,2025-10-14
C03058,Customer_03058,M,48,Chennai,2024-06-15
C03059,Customer_03059,M,45,Bengaluru,2024-10-26
C03060,Customer_03060,F,20,Vijayawada,2024-01-28
C03061,Customer_03061,M,31,Vijayawada,2025-02-27
C03062,Customer_03062,M,42,Ahmedabad,2025-07-15
C03063,Customer_03063,F,32,Vijayawada,2024-06-04
C03064,Customer_03064,F,19,Kolkata,2024-11-19
C03065,Customer_03065,F,41,Vijayawada,2024-12-13
C03066,Customer_03066,M,31,Pune,2024-04-30
C03067,Customer_03067,M,24,Kolkata,2025-10-13
C03068,Customer_03068,F,53,Hyderabad,2025-06-11
C03069,Customer_03069,M,41,Chennai,2025-07-14
C03070,Customer_03070,F,44,Kolkata,2024-06-12
C03071,Customer_03071,F,54,Hyderabad,2024-03-02
C03072,Customer_03072,F,55,Bengaluru,2024-12-05
C03073,Customer_03073,M,47,Jaipur,2025-10-27
C03074,Customer_03074,M,44,Mumbai,2024-11-07
C03075,Customer_03075,F,56,Pune,2025-01-10
C03076,Customer_03076,F,32,Kolkata,2024-12-11
C03077,Customer_03077,F,43,Jaipur,2024-05-29
C03078,Customer_03078,M,18,Chennai,2025-08-07
C03079,Customer_03079,M,21,Delhi,2025-08-03
C03080,Customer_03080,F,46,Bengaluru,2024-06-25
C03081,Customer_03081,F,18,Mumbai,2024-12-19
C03082,Customer_03082,F,60,Chennai,2025-05-28
C03083,Customer_03083,M,39,Bengaluru,2024-11-04
C03084,Customer_03084,F,28,Delhi,2024-04-28
C03085,Customer_03085,F,27,Hyderabad,2025-06-02
C03086,Customer_03086,F,34,Delhi,2025-04-22
C03087,Customer_03087,M,53,Kolkata,2025-02-17
C03088,Customer_03088,M,43,Mumbai,2025-08-09
C03089,Customer_03089,F,38,Vijayawada,2024-12-16
C03090,Customer_03090,M,30,Ahmedabad,2025-05-20
C03091,Customer_03091,M,26,Pune,2024-07-13
C03092,Customer_03092,F,28,Pune,2024-07-05
C03093,Customer_03093,M,28,Hyderabad,2025-03-25
C03094,Customer_03094,F,23,Chennai,2025-05-10
C03095,Customer_03095,M,18,Mumbai,2025-05-29
C03096,Customer_03096,F,23,Vijayawada,2025-11-26
C03097,Customer_03097,F,30,Hyderabad,2024-09-29
C03098,Customer_03098,M,39,Ahmedabad,2024-02-21
C03099,Customer_03099,M,48,Kolkata,2024-09-19
C03100,Customer_03100,M,39,Kolkata,2025-01-02
C03101,Customer_03101,M,54,Vijayawada,2024-05-12
C03102,Customer_03102,F,44,Vijayawada,2024-08-12
C03103,Customer_03103,F,31,Vijayawada,2024-11-05
C03104,Customer_03104,M,22,Delhi,2025-07-26
C03105,Customer_03105,M,53,Pune,2024-01-16
C03106,Customer_03106,M,49,Jaipur,2024-07-13
C03107,Customer_03107,F,51,Mumbai,2025-03-18
C03108,Customer_03108,M,24,Jaipur,2024-10-29
C03109,Customer_03109,F,59,Delhi,2024-02-17
C03110,Customer_03110,F,27,Chennai,2024-04-30
C03111,Customer_03111,F,34,Kolkata,2025-05-13
C03112,Customer_03112,M,47,Pune,2025-07-15
C03113,Customer_03113,F,38,Vijayawada,2025-04-13
C03114,Customer_03114,M,30,Ahmedabad,2024-02-10
C03115,Customer_03115,M,18,Ahmedabad,2025-03-31
C03116,Customer_03116,F,18,Ahmedabad,2025-06-17
C03117,Customer_03117,F,50,Mumbai,2025-01-05
C03118,Customer_03118,M,55,Vijayawada,2024-06-30
C03119,Customer_03119,M,42,Pune,2025-05-31
C03120,Customer_03120,M,43,Kolkata,2025-10-18
C03121,Customer_03121,M,30,Jaipur,2025-08-12
C03122,Customer_03122,M,45,Vijayawada,2024-08-18
C03123,Customer_03123,M,50,Vijayawada,2024-12-13
C03124,Customer_03124,M,54,Delhi,2025-04-23
C03125,Customer_03125,F,58,Chennai,2024-07-27
C03126,Customer_03126,F,47,Ahmedabad,2025-11-05
C03127,Customer_03127,F,25,Hyderabad,2025-11-10
C03128,Customer_03128,M,18,Pune,2024-10-04
C03129,Customer_03129,F,29,Delhi,2025-11-18
C03130,Customer_03130,F,22,Chennai,2024-02-22
C03131,Customer_03131,F,41,Chennai,2024-01-10
C03132,Customer_03132,F,23,Bengaluru,2025-10-19
C03133,Customer_03133,F,42,Ahmedabad,2025-04-08
C03134,Customer_03134,F,18,Bengaluru,2025-08-05
C03135,Customer_03135,M,42,Delhi,2024-06-06
C03136,Customer_03136,F,18,Chennai,2024-01-19
C03137,Customer_03137,F,49,Hyderabad,2024-02-24
C03138,Customer_03138,F,59,Pune,2025-12-27
C03139,Customer_03139,F,59,Bengaluru,2025-12-21
C03140,Customer_03140,M,20,Chennai,2024-01-21
C03141,Customer_03141,M,36,Pune,2024-10-08
C03142,Customer_03142,F,60,Ahmedabad,2025-06-23
C03143,Customer_03143,F,46,Jaipur,2025-02-20
C03144,Customer_03144,F,19,Pune,2025-12-23
C03145,Customer_03145,M,26,Chennai,2024-10-11
C03146,Customer_03146,M,34,Delhi,2025-06-15
C03147,Customer_03147,F,53,Bengaluru,2025-06-15
C03148,Customer_03148,F,34,Bengaluru,2025-05-25
C03149,Customer_03149,F,29,Kolkata,2025-01-30
C03150,Customer_03150,M,37,Chennai,2024-04-29
C03151,Customer_03151,F,20,Kolkata,2024-04-06
C03152,Customer_03152,M,60,Hyderabad,2024-04-29
C03153,Customer_03153,F,21,Hyderabad,2025-06-20
C03154,Customer_03154,M,34,Chennai,2024-06-01
C03155,Customer_03155,M,54,Bengaluru,2024-09-01
C03156,Customer_03156,F,59,Ahmedabad,2025-05-30
C03157,Customer_03157,F,32,Mumbai,2025-01-27
C03158,Customer_03158,M,50,Hyderabad,2024-05-22
C03159,Customer_03159,F,33,Bengaluru,2025-05-18
C03160,Customer_03160,M,28,Vijayawada,2024-08-07
C03161,Customer_03161,M,37,Vijayawada,2024-06-08
C03162,Customer_03162,M,55,Kolkata,2024-03-16
C03163,Customer_03163,M,41,Pune,2025-09-02
C03164,Customer_03164,F,33,Ahmedabad,2025-11-22
C03165,Customer_03165,M,47,Kolkata,2025-09-30
C03166,Customer_03166,F,51,Vijayawada,2024-02-01
C03167,Customer_03167,F,18,Ahmedabad,2024-11-29
C03168,Customer_03168,M,41,Mumbai,2025-06-08
C03169,Customer_03169,F,41,Pune,2025-03-15
C03170,Customer_03170,M,26,Kolkata,2024-12-17
C03171,Customer_03171,F,39,Vijayawada,2024-12-04
C03172,Customer_03172,M,29,Hyderabad,2025-02-03
C03173,Customer_03173,M,34,Hyderabad,2025-01-30
C03174,Customer_03174,M,42,Kolkata,2024-07-20
C03175,Customer_03175,M,45,Mumbai,2025-06-13
C03176,Customer_03176,M,32,Mumbai,2024-04-02
C03177,Customer_03177,F,47,Chennai,2024-12-23
C03178,Customer_03178,F,44,Pune,2025-01-30
C03179,Customer_03179,F,39,Bengaluru,2024-02-29
C03180,Customer_03180,F,27,Mumbai,2025-04-21
C03181,Customer_03181,M,48,Pune,2025-12-26
C03182,Customer_03182,M,44,Mumbai,2025-09-03
C03183,Customer_03183,M,29,Chennai,2024-01-01
C03184,Customer_03184,M,48,Jaipur,2025-07-08
C03185,Customer_03185,F,49,Mumbai,2024-11-06
C03186,Customer_03186,F,49,Pune,2024-06-16
C03187,Customer_03187,M,58,Chennai,2024-07-10
C03188,Customer_03188,M,52,Chennai,2024-02-03
C03189,Customer_03189,F,38,Pune,2024-02-03
C03190,Customer_03190,F,27,Pune,2025-11-18
C03191,Customer_03191,M,33,Hyderabad,2025-02-20
C03192,Customer_03192,F,24,Jaipur,2025-12-08
C03193,Customer_03193,F,21,Chennai,2024-06-06
C03194,Customer_03194,M,44,Hyderabad,2025-05-14
C03195,Customer_03195,M,42,Ahmedabad,2024-12-31
C03196,Customer_03196,F,48,Kolkata,2024-12-05
C03197,Customer_03197,F,28,Kolkata,2024-11-30
C03198,Customer_03198,F,37,Chennai,2025-08-05
C03199,Customer_03199,M,53,Hyderabad,2024-11-22
C03200,Customer_03200,M,34,Jaipur,2024-04-23
C03201,Customer_03201,F,28,Jaipur,2025-02-21
C03202,Customer_03202,F,47,Ahmedabad,2025-04-12
C03203,Customer_03203,M,52,Chennai,2024-05-22
C03204,Customer_03204,F,58,Mumbai,2025-08-31
C03205,Customer_03205,F,55,Ahmedabad,2024-11-04
C03206,Customer_03206,F,39,Hyderabad,2025-02-04
C03207,Customer_03207,F,60,Mumbai,2024-11-15
C03208,Customer_03208,F,44,Kolkata,2024-07-30
C03209,Customer_03209,M,54,Delhi,2024-11-12
C03210,Customer_03210,F,52,Kolkata,2024-07-03
C03211,Customer_03211,M,21,Chennai,2024-07-23
C03212,Customer_03212,F,33,Pune,2024-12-29
C03213,Customer_03213,M,33,Kolkata,2024-08-03
C03214,Customer_03214,F,38,Vijayawada,2024-09-02
C03215,Customer_03215,M,43,Kolkata,2024-08-26
C03216,Customer_03216,M,53,Kolkata,2025-01-25
C03217,Customer_03217,M,36,Kolkata,2025-06-03
C03218,Customer_03218,M,34,Kolkata,2025-08-12
C03219,Customer_03219,F,43,Mumbai,2024-10-03
C03220,Customer_03220,F,39,Mumbai,2024-07-20
C03221,Customer_03221,F,45,Kolkata,2024-08-01
C03222,Customer_03222,M,18,Bengaluru,2025-08-28
C03223,Customer_03223,M,53,Bengaluru,2025-04-22
C03224,Customer_03224,M,60,Mumbai,2025-05-22
C03225,Customer_03225,M,54,Delhi,2024-03-15
C03226,Customer_03226,F,19,Pune,2025-10-30
C03227,Customer_03227,M,34,Ahmedabad,2025-10-26
C03228,Customer_03228,M,57,Vijayawada,2024-05-21
C03229,Customer_03229,M,55,Vijayawada,2025-08-12
C03230,Customer_03230,M,38,Kolkata,2024-11-17
C03231,Customer_03231,F,26,Delhi,2025-11-24
C03232,Customer_03232,F,30,Bengaluru,2025-04-05
C03233,Customer_03233,M,28,Bengaluru,2025-12-07
C03234,Customer_03234,M,33,Delhi,2025-10-31
C03235,Customer_03235,M,33,Pune,2024-05-25
C03236,Customer_03236,M,19,Mumbai,2024-02-23
C03237,Customer_03237,M,59,Pune,2024-12-21
C03238,Customer_03238,F,25,Chennai,2024-10-03
C03239,Customer_03239,F,60,Chennai,2025-08-17
C03240,Customer_03240,F,59,Bengaluru,2025-02-03
C03241,Customer_03241,M,30,Ahmedabad,2025-10-29
C03242,Customer_03242,M,34,Chennai,2025-05-30
C03243,Customer_03243,F,56,Bengaluru,2025-05-13
C03244,Customer_03244,F,41,Kolkata,2024-11-06
C03245,Customer_03245,F,20,Jaipur,2024-09-27
C03246,Customer_03246,M,47,Jaipur,2025-07-29
C03247,Customer_03247,F,30,Hyderabad,2025-03-24
C03248,Customer_03248,M,36,Kolkata,2024-04-21
C03249,Customer_03249,F,24,Jaipur,2024-08-26
C03250,Customer_03250,F,26,Pune,2024-05-23
C03251,Customer_03251,F,36,Hyderabad,2025-01-08
C03252,Customer_03252,M,57,Bengaluru,2024-01-20
C03253,Customer_03253,F,39,Delhi,2025-07-29
C03254,Customer_03254,M,35,Delhi,2024-10-15
C03255,Customer_03255,M,40,Bengaluru,2025-08-15
C03256,Customer_03256,M,19,Ahmedabad,2024-07-15
C03257,Customer_03257,F,28,Bengaluru,2025-01-16
C03258,Customer_03258,M,48,Mumbai,2025-08-03
C03259,Customer_03259,M,50,Delhi,2025-11-28
C03260,Customer_03260,F,31,Jaipur,2025-11-09
C03261,Customer_03261,M,33,Vijayawada,2025-12-17
C03262,Customer_03262,F,28,Hyderabad,2025-05-06
C03263,Customer_03263,M,50,Ahmedabad,2024-06-12
C03264,Customer_03264,M,24,Chennai,2025-08-28
C03265,Customer_03265,F,48,Kolkata,2024-09-05
C03266,Customer_03266,M,31,Ahmedabad,2024-03-08
C03267,Customer_03267,M,45,Chennai,2024-01-21
C03268,Customer_03268,F,60,Ahmedabad,2025-05-26
C03269,Customer_03269,F,33,Vijayawada,2025-08-19
C03270,Customer_03270,F,36,Ahmedabad,2025-01-24
C03271,Customer_03271,M,34,Jaipur,2025-06-19
C03272,Customer_03272,M,43,Bengaluru,2024-04-20
C03273,Customer_03273,F,23,Mumbai,2025-08-17
C03274,Customer_03274,F,60,Hyderabad,2025-04-04
C03275,Customer_03275,F,26,Delhi,2024-03-18
C03276,Customer_03276,F,34,Chennai,2025-03-09
C03277,Customer_03277,F,48,Hyderabad,2025-01-14
C03278,Customer_03278,M,29,Ahmedabad,2025-10-13
C03279,Customer_03279,M,40,Bengaluru,2025-03-15
C03280,Customer_03280,F,22,Hyderabad,2024-12-04
C03281,Customer_03281,M,60,Bengaluru,2025-02-27
C03282,Customer_03282,M,53,Chennai,2024-06-17
C03283,Customer_03283,F,53,Jaipur,2025-12-09
C03284,Customer_03284,F,20,Jaipur,2024-09-18
C03285,Customer_03285,M,41,Bengaluru,2025-12-27
C03286,Customer_03286,M,34,Bengaluru,2025-08-01
C03287,Customer_03287,M,56,Mumbai,2024-08-16
C03288,Customer_03288,F,43,Kolkata,2024-06-09
C03289,Customer_03289,F,21,Mumbai,2025-03-02
C03290,Customer_03290,M,29,Hyderabad,2024-05-01
C03291,Customer_03291,M,18,Pune,2024-05-28
C03292,Customer_03292,F,38,Mumbai,2025-12-05
C03293,Customer_03293,M,36,Hyderabad,2024-04-20
C03294,Customer_03294,F,38,Delhi,2025-10-18
C03295,Customer_03295,F,35,Hyderabad,2024-08-08
C03296,Customer_03296,M,60,Hyderabad,2024-03-04
C03297,Customer_03297,F,20,Bengaluru,2025-09-29
C03298,Customer_03298,M,49,Vijayawada,2025-12-30
C03299,Customer_03299,M,27,Ahmedabad,2024-12-19
C03300,Customer_03300,F,57,Bengaluru,2025-04-18
C03301,Customer_03301,M,32,Bengaluru,2025-04-29
C03302,Customer_03302,Other,22,Vijayawada,2024-01-13
C03303,Customer_03303,F,21,Vijayawada,2024-06-01
C03304,Customer_03304,M,45,Ahmedabad,2024-08-26
C03305,Customer_03305,M,21,Pune,2024-07-08
C03306,Customer_03306,M,32,Delhi,2025-10-24
C03307,Customer_03307,M,34,Mumbai,2024-03-26
C03308,Customer_03308,M,20,Hyderabad,2024-01-21
C03309,Customer_03309,M,27,Mumbai,2025-11-24
C03310,Customer_03310,M,59,Jaipur,2024-11-14
C03311,Customer_03311,F,40,Chennai,2024-06-06
C03312,Customer_03312,F,35,Pune,2025-04-25
C03313,Customer_03313,F,18,Chennai,2024-03-16
C03314,Customer_03314,M,52,Hyderabad,2024-11-24
C03315,Customer_03315,M,48,Vijayawada,2025-02-19
C03316,Customer_03316,F,18,Hyderabad,2024-07-21
C03317,Customer_03317,M,20,Delhi,2024-08-16
C03318,Customer_03318,M,20,Mumbai,2024-05-31
C03319,Customer_03319,F,54,Ahmedabad,2024-03-12
C03320,Customer_03320,F,36,Kolkata,2024-08-12
C03321,Customer_03321,F,46,Kolkata,2025-04-17
C03322,Customer_03322,M,42,Ahmedabad,2025-10-04
C03323,Customer_03323,F,50,Vijayawada,2024-12-25
C03324,Customer_03324,F,53,Kolkata,2025-06-23
C03325,Customer_03325,F,46,Vijayawada,2025-08-31
C03326,Customer_03326,F,43,Bengaluru,2024-02-15
C03327,Customer_03327,F,21,Delhi,2024-01-01
C03328,Customer_03328,F,31,Pune,2025-11-08
C03329,Customer_03329,M,44,Mumbai,2024-09-01
C03330,Customer_03330,F,50,Mumbai,2024-08-06
C03331,Customer_03331,F,39,Pune,2025-09-05
C03332,Customer_03332,F,20,Hyderabad,2024-10-17
C03333,Customer_03333,M,40,Hyderabad,2025-04-02
C03334,Customer_03334,M,38,Chennai,2024-07-22
C03335,Customer_03335,F,58,Hyderabad,2024-07-20
C03336,Customer_03336,F,40,Vijayawada,2025-07-19
C03337,Customer_03337,F,21,Ahmedabad,2025-04-26
C03338,Customer_03338,F,38,Bengaluru,2025-05-25
C03339,Customer_03339,F,54,Pune,2024-10-04
C03340,Customer_03340,F,60,Vijayawada,2024-01-16
C03341,Customer_03341,F,48,Vijayawada,2025-06-08
C03342,Customer_03342,F,38,Chennai,2024-12-21
C03343,Customer_03343,F,43,Vijayawada,2024-12-21
C03344,Customer_03344,M,58,Delhi,2025-08-21
C03345,Customer_03345,M,52,Hyderabad,2024-03-18
C03346,Customer_03346,F,55,Mumbai,2024-03-07
C03347,Customer_03347,M,41,Delhi,2025-12-23
C03348,Customer_03348,M,28,Bengaluru,2024-08-01
C03349,Customer_03349,M,58,Bengaluru,2025-11-27
C03350,Customer_03350,M,46,Bengaluru,2025-03-24
C03351,Customer_03351,M,20,Hyderabad,2025-03-08
C03352,Customer_03352,M,18,Vijayawada,2025-06-28
C03353,Customer_03353,F,36,Bengaluru,2024-04-24
C03354,Customer_03354,F,39,Pune,2025-02-23
C03355,Customer_03355,M,31,Mumbai,2025-05-13
C03356,Customer_03356,M,31,Vijayawada,2025-12-10
C03357,Customer_03357,F,33,Chennai,2025-01-14
C03358,Customer_03358,M,50,Hyderabad,2024-05-22
C03359,Customer_03359,F,30,Ahmedabad,2025-09-23
C03360,Customer_03360,F,55,Delhi,2024-01-24
C03361,Customer_03361,F,29,Jaipur,2025-06-22
C03362,Customer_03362,M,55,Delhi,2024-03-15
C03363,Customer_03363,F,56,Bengaluru,2025-06-18
C03364,Customer_03364,M,50,Mumbai,2025-11-03
C03365,Customer_03365,F,50,Chennai,2024-02-10
C03366,Customer_03366,F,46,Vijayawada,2025-07-21
C03367,Customer_03367,M,22,Pune,2025-02-16
C03368,Customer_03368,M,23,Kolkata,2025-02-18
C03369,Customer_03369,M,48,Delhi,2025-03-24
C03370,Customer_03370,F,33,Kolkata,2025-09-01
C03371,Customer_03371,M,48,Vijayawada,2025-10-19
C03372,Customer_03372,F,42,Mumbai,2025-03-11
C03373,Customer_03373,M,50,Kolkata,2025-07-05
C03374,Customer_03374,F,30,Delhi,2025-12-05
C03375,Customer_03375,F,27,Ahmedabad,2024-08-26
C03376,Customer_03376,F,41,Jaipur,2024-02-11
C03377,Customer_03377,F,27,Kolkata,2025-12-08
C03378,Customer_03378,M,58,Ahmedabad,2024-01-10
C03379,Customer_03379,M,48,Ahmedabad,2024-09-21
C03380,Customer_03380,F,30,Bengaluru,2025-08-03
C03381,Customer_03381,M,20,Jaipur,2025-03-20
C03382,Customer_03382,M,51,Pune,2024-05-18
C03383,Customer_03383,M,45,Delhi,2024-07-14
C03384,Customer_03384,M,36,Chennai,2024-03-14
C03385,Customer_03385,M,40,Vijayawada,2025-09-06
C03386,Customer_03386,F,49,Chennai,2024-08-12
C03387,Customer_03387,M,30,Kolkata,2025-09-26
C03388,Customer_03388,F,50,Jaipur,2024-04-11
C03389,Customer_03389,M,51,Kolkata,2024-09-20
C03390,Customer_03390,F,50,Jaipur,2024-06-09
C03391,Customer_03391,M,22,Delhi,2024-08-20
C03392,Customer_03392,F,20,Vijayawada,2025-05-05
C03393,Customer_03393,F,24,Vijayawada,2024-11-06
C03394,Customer_03394,M,41,Delhi,2025-10-12
C03395,Customer_03395,F,39,Pune,2024-08-14
C03396,Customer_03396,Other,40,Ahmedabad,2024-09-29
C03397,Customer_03397,F,47,Jaipur,2024-11-12
C03398,Customer_03398,F,35,Hyderabad,2024-03-26
C03399,Customer_03399,M,49,Hyderabad,2024-10-17
C03400,Customer_03400,F,24,Ahmedabad,2025-04-13
C03401,Customer_03401,M,50,Kolkata,2025-12-29
C03402,Customer_03402,M,22,Jaipur,2025-07-31
C03403,Customer_03403,Other,45,Mumbai,2025-10-08
C03404,Customer_03404,M,25,Vijayawada,2025-02-07
C03405,Customer_03405,F,32,Chennai,2025-03-02
C03406,Customer_03406,F,21,Mumbai,2025-01-09
C03407,Customer_03407,F,51,Chennai,2025-07-20
C03408,Customer_03408,Other,22,Vijayawada,2024-09-08
C03409,Customer_03409,M,50,Hyderabad,2025-06-16
C03410,Customer_03410,M,22,Delhi,2024-11-02
C03411,Customer_03411,M,55,Pune,2025-03-05
C03412,Customer_03412,M,51,Bengaluru,2025-11-05
C03413,Customer_03413,M,43,Kolkata,2024-09-20
C03414,Customer_03414,M,18,Ahmedabad,2024-03-08
C03415,Customer_03415,F,21,Hyderabad,2024-04-16
C03416,Customer_03416,F,56,Delhi,2025-02-03
C03417,Customer_03417,M,43,Delhi,2025-08-01
C03418,Customer_03418,F,50,Chennai,2024-07-17
C03419,Customer_03419,M,50,Delhi,2024-07-10
C03420,Customer_03420,M,25,Jaipur,2025-05-28
C03421,Customer_03421,F,37,Kolkata,2025-03-17
C03422,Customer_03422,F,33,Bengaluru,2024-01-01
C03423,Customer_03423,F,38,Hyderabad,2024-12-23
C03424,Customer_03424,M,43,Jaipur,2024-04-24
C03425,Customer_03425,F,40,Hyderabad,2025-08-22
C03426,Customer_03426,F,35,Pune,2024-07-15
C03427,Customer_03427,F,48,Bengaluru,2025-08-26
C03428,Customer_03428,F,59,Delhi,2024-09-30
C03429,Customer_03429,F,29,Pune,2024-06-08
C03430,Customer_03430,F,18,Chennai,2024-06-21
C03431,Customer_03431,F,59,Pune,2025-06-28
C03432,Customer_03432,Other,26,Mumbai,2025-04-02
C03433,Customer_03433,F,20,Chennai,2025-08-07
C03434,Customer_03434,M,43,Bengaluru,2025-03-08
C03435,Customer_03435,F,26,Kolkata,2025-04-25
C03436,Customer_03436,M,59,Mumbai,2025-03-30
C03437,Customer_03437,M,33,Hyderabad,2024-07-14
C03438,Customer_03438,F,41,Ahmedabad,2025-08-21
C03439,Customer_03439,F,31,Ahmedabad,2024-11-04
C03440,Customer_03440,F,20,Mumbai,2025-07-09
C03441,Customer_03441,M,51,Kolkata,2025-05-08
C03442,Customer_03442,F,50,Jaipur,2025-03-14
C03443,Customer_03443,M,41,Ahmedabad,2025-10-11
C03444,Customer_03444,Other,26,Mumbai,2024-12-24
C03445,Customer_03445,Other,30,Bengaluru,2024-02-05
C03446,Customer_03446,F,19,Vijayawada,2024-02-03
C03447,Customer_03447,F,24,Kolkata,2024-03-28
C03448,Customer_03448,F,38,Kolkata,2025-10-19
C03449,Customer_03449,F,36,Jaipur,2024-01-16
C03450,Customer_03450,M,42,Chennai,2025-02-24
C03451,Customer_03451,M,39,Delhi,2025-07-06
C03452,Customer_03452,F,28,Ahmedabad,2024-05-05
C03453,Customer_03453,F,50,Delhi,2024-01-08
C03454,Customer_03454,M,49,Delhi,2025-04-16
C03455,Customer_03455,F,38,Bengaluru,2025-04-12
C03456,Customer_03456,M,56,Hyderabad,2025-05-24
C03457,Customer_03457,F,37,Delhi,2025-02-05
C03458,Customer_03458,F,25,Kolkata,2024-06-24
C03459,Customer_03459,F,59,Jaipur,2025-01-01
C03460,Customer_03460,F,54,Jaipur,2025-05-02
C03461,Customer_03461,M,26,Vijayawada,2024-01-18
C03462,Customer_03462,M,42,Hyderabad,2024-02-25
C03463,Customer_03463,F,42,Chennai,2024-02-04
C03464,Customer_03464,F,50,Kolkata,2025-09-21
C03465,Customer_03465,M,19,Kolkata,2025-12-25
C03466,Customer_03466,F,36,Vijayawada,2025-07-26
C03467,Customer_03467,M,37,Pune,2025-08-22
C03468,Customer_03468,F,59,Vijayawada,2024-12-12
C03469,Customer_03469,F,58,Delhi,2024-02-01
C03470,Customer_03470,M,59,Mumbai,2024-05-12
C03471,Customer_03471,M,46,Jaipur,2025-07-29
C03472,Customer_03472,F,23,Vijayawada,2024-07-17
C03473,Customer_03473,F,34,Delhi,2024-09-12
C03474,Customer_03474,F,42,Ahmedabad,2024-12-07
C03475,Customer_03475,F,55,Hyderabad,2025-10-28
C03476,Customer_03476,F,21,Kolkata,2024-08-18
C03477,Customer_03477,F,47,Pune,2024-10-27
C03478,Customer_03478,F,37,Hyderabad,2025-06-30
C03479,Customer_03479,M,20,Delhi,2024-01-26
C03480,Customer_03480,M,40,Chennai,2025-06-18
C03481,Customer_03481,M,35,Ahmedabad,2025-10-14
C03482,Customer_03482,F,43,Delhi,2025-04-18
C03483,Customer_03483,M,53,Mumbai,2025-01-21
C03484,Customer_03484,F,25,Bengaluru,2024-10-11
C03485,Customer_03485,F,34,Delhi,2025-03-25
C03486,Customer_03486,F,48,Vijayawada,2024-11-15
C03487,Customer_03487,M,54,Delhi,2024-06-04
C03488,Customer_03488,M,50,Vijayawada,2025-04-15
C03489,Customer_03489,M,44,Chennai,2025-02-23
C03490,Customer_03490,M,21,Kolkata,2024-04-22
C03491,Customer_03491,M,39,Jaipur,2025-10-12
C03492,Customer_03492,F,43,Bengaluru,2025-02-25
C03493,Customer_03493,F,49,Chennai,2025-12-21
C03494,Customer_03494,F,41,Vijayawada,2025-08-20
C03495,Customer_03495,F,52,Jaipur,2024-10-11
C03496,Customer_03496,M,54,Mumbai,2025-07-25
C03497,Customer_03497,F,49,Hyderabad,2024-02-23
C03498,Customer_03498,F,24,Bengaluru,2025-08-27
C03499,Customer_03499,M,50,Pune,2024-11-20
C03500,Customer_03500,F,48,Chennai,2025-04-02
C03501,Customer_03501,M,29,Hyderabad,2024-09-21
C03502,Customer_03502,F,28,Hyderabad,2025-01-16
C03503,Customer_03503,Other,41,Delhi,2024-07-31
C03504,Customer_03504,M,25,Delhi,2024-11-28
C03505,Customer_03505,F,49,Pune,2024-01-10
C03506,Customer_03506,F,55,Pune,2024-12-23
C03507,Customer_03507,F,39,Vijayawada,2024-07-21
C03508,Customer_03508,M,51,Pune,2025-12-08
C03509,Customer_03509,F,36,Hyderabad,2024-02-27
C03510,Customer_03510,M,37,Vijayawada,2025-05-08
C03511,Customer_03511,M,31,Jaipur,2025-05-24
C03512,Customer_03512,M,50,Kolkata,2024-08-10
C03513,Customer_03513,F,27,Kolkata,2025-01-03
C03514,Customer_03514,F,33,Kolkata,2025-11-22
C03515,Customer_03515,F,21,Bengaluru,2025-02-21
C03516,Customer_03516,F,44,Bengaluru,2025-06-30
C03517,Customer_03517,M,45,Pune,2024-04-12
C03518,Customer_03518,M,60,Kolkata,2024-06-09
C03519,Customer_03519,M,33,Mumbai,2024-07-18
C03520,Customer_03520,M,50,Delhi,2024-06-08
C03521,Customer_03521,M,36,Mumbai,2025-11-25
C03522,Customer_03522,M,38,Kolkata,2024-05-15
C03523,Customer_03523,M,39,Kolkata,2025-02-01
C03524,Customer_03524,M,26,Delhi,2025-01-26
C03525,Customer_03525,M,26,Kolkata,2024-04-15
C03526,Customer_03526,M,26,Chennai,2025-08-05
C03527,Customer_03527,F,44,Hyderabad,2025-08-11
C03528,Customer_03528,F,34,Vijayawada,2024-02-23
C03529,Customer_03529,F,25,Delhi,2024-10-03
C03530,Customer_03530,M,33,Kolkata,2024-04-20
C03531,Customer_03531,M,35,Bengaluru,2024-08-11
C03532,Customer_03532,F,50,Bengaluru,2024-03-15
C03533,Customer_03533,M,18,Hyderabad,2025-05-20
C03534,Customer_03534,M,29,Bengaluru,2024-01-14
C03535,Customer_03535,M,23,Vijayawada,2025-04-26
C03536,Customer_03536,M,58,Ahmedabad,2024-07-07
C03537,Customer_03537,M,22,Ahmedabad,2024-12-29
C03538,Customer_03538,M,33,Ahmedabad,2024-08-26
C03539,Customer_03539,F,35,Hyderabad,2025-02-04
C03540,Customer_03540,M,35,Hyderabad,2024-10-30
C03541,Customer_03541,M,18,Vijayawada,2024-03-31
C03542,Customer_03542,F,36,Delhi,2025-01-26
C03543,Customer_03543,M,25,Pune,2024-07-02
C03544,Customer_03544,M,20,Ahmedabad,2024-01-17
C03545,Customer_03545,F,42,Bengaluru,2024-01-12
C03546,Customer_03546,M,22,Mumbai,2024-06-14
C03547,Customer_03547,M,57,Pune,2024-05-25
C03548,Customer_03548,M,36,Vijayawada,2024-10-08
C03549,Customer_03549,M,35,Delhi,2025-07-02
C03550,Customer_03550,F,48,Bengaluru,2025-08-04
C03551,Customer_03551,F,50,Kolkata,2024-06-17
C03552,Customer_03552,M,35,Delhi,2024-06-18
C03553,Customer_03553,F,56,Ahmedabad,2024-12-11
C03554,Customer_03554,F,33,Ahmedabad,2025-05-13
C03555,Customer_03555,M,33,Kolkata,2025-04-04
C03556,Customer_03556,F,55,Vijayawada,2024-10-23
C03557,Customer_03557,M,58,Jaipur,2024-05-21
C03558,Customer_03558,M,24,Delhi,2025-11-25
C03559,Customer_03559,M,31,Kolkata,2024-02-22
C03560,Customer_03560,M,60,Vijayawada,2024-04-27
C03561,Customer_03561,M,42,Vijayawada,2024-12-30
C03562,Customer_03562,F,49,Hyderabad,2025-11-01
C03563,Customer_03563,M,55,Delhi,2024-05-15
C03564,Customer_03564,M,39,Bengaluru,2025-02-17
C03565,Customer_03565,M,33,Jaipur,2024-03-17
C03566,Customer_03566,F,46,Chennai,2025-07-10
C03567,Customer_03567,F,33,Mumbai,2024-01-18
C03568,Customer_03568,F,29,Delhi,2025-02-06
C03569,Customer_03569,F,34,Pune,2024-07-23
C03570,Customer_03570,F,54,Vijayawada,2025-05-13
C03571,Customer_03571,M,44,Hyderabad,2024-11-19
C03572,Customer_03572,F,42,Kolkata,2025-08-17
C03573,Customer_03573,F,30,Ahmedabad,2025-07-15
C03574,Customer_03574,Other,25,Kolkata,2024-10-07
C03575,Customer_03575,F,22,Kolkata,2024-06-14
C03576,Customer_03576,M,29,Jaipur,2024-08-30
C03577,Customer_03577,M,58,Delhi,2025-04-23
C03578,Customer_03578,M,20,Kolkata,2024-06-12
C03579,Customer_03579,F,52,Jaipur,2024-11-19
C03580,Customer_03580,F,50,Chennai,2025-07-21
C03581,Customer_03581,M,39,Bengaluru,2025-07-04
C03582,Customer_03582,F,26,Chennai,2025-10-01
C03583,Customer_03583,M,58,Delhi,2025-09-25
C03584,Customer_03584,F,35,Ahmedabad,2025-11-28
C03585,Customer_03585,M,46,Chennai,2024-07-26
C03586,Customer_03586,M,56,Jaipur,2024-11-10
C03587,Customer_03587,M,44,Jaipur,2024-10-30
C03588,Customer_03588,F,53,Mumbai,2024-08-26
C03589,Customer_03589,M,34,Vijayawada,2025-12-27
C03590,Customer_03590,M,51,Pune,2024-08-11
C03591,Customer_03591,F,20,Pune,2024-03-28
C03592,Customer_03592,M,22,Delhi,2025-06-20
C03593,Customer_03593,F,31,Vijayawada,2025-03-04
C03594,Customer_03594,F,20,Mumbai,2024-08-07
C03595,Customer_03595,M,40,Hyderabad,2024-10-01
C03596,Customer_03596,F,56,Kolkata,2025-10-08
C03597,Customer_03597,M,47,Chennai,2024-03-06
C03598,Customer_03598,F,40,Vijayawada,2025-08-14
C03599,Customer_03599,M,44,Kolkata,2025-02-26
C03600,Customer_03600,F,27,Hyderabad,2024-09-11
C03601,Customer_03601,M,42,Ahmedabad,2024-05-04
C03602,Customer_03602,F,30,Mumbai,2024-05-25
C03603,Customer_03603,M,33,Kolkata,2025-09-06
C03604,Customer_03604,M,58,Mumbai,2025-01-19
C03605,Customer_03605,M,51,Mumbai,2025-03-22
C03606,Customer_03606,M,54,Vijayawada,2025-01-21
C03607,Customer_03607,F,39,Jaipur,2025-01-17
C03608,Customer_03608,M,34,Bengaluru,2024-10-03
C03609,Customer_03609,F,40,Delhi,2025-01-16
C03610,Customer_03610,F,53,Pune,2024-05-03
C03611,Customer_03611,F,26,Mumbai,2024-09-23
C03612,Customer_03612,M,19,Vijayawada,2024-04-20
C03613,Customer_03613,M,49,Vijayawada,2025-01-15
C03614,Customer_03614,F,39,Kolkata,2025-08-23
C03615,Customer_03615,M,60,Kolkata,2024-06-06
C03616,Customer_03616,M,30,Chennai,2025-12-28
C03617,Customer_03617,F,25,Mumbai,2025-07-01
C03618,Customer_03618,F,18,Bengaluru,2025-08-21
C03619,Customer_03619,F,34,Delhi,2024-04-27
C03620,Customer_03620,M,29,Delhi,2024-11-23
C03621,Customer_03621,F,21,Ahmedabad,2025-11-24
C03622,Customer_03622,M,30,Ahmedabad,2024-03-08
C03623,Customer_03623,M,48,Chennai,2025-03-09
C03624,Customer_03624,F,58,Pune,2024-12-24
C03625,Customer_03625,M,24,Ahmedabad,2025-11-01
C03626,Customer_03626,M,40,Hyderabad,2025-03-18
C03627,Customer_03627,M,41,Chennai,2024-06-12
C03628,Customer_03628,F,22,Delhi,2024-12-26
C03629,Customer_03629,F,22,Delhi,2025-08-07
C03630,Customer_03630,F,34,Bengaluru,2024-04-28
C03631,Customer_03631,F,47,Vijayawada,2024-07-13
C03632,Customer_03632,M,26,Hyderabad,2025-08-23
C03633,Customer_03633,M,23,Pune,2025-08-10
C03634,Customer_03634,M,42,Kolkata,2025-10-12
C03635,Customer_03635,M,36,Chennai,2024-08-28
C03636,Customer_03636,M,33,Ahmedabad,2025-05-23
C03637,Customer_03637,F,38,Jaipur,2025-10-27
C03638,Customer_03638,M,19,Bengaluru,2025-07-18
C03639,Customer_03639,M,27,Delhi,2024-05-21
C03640,Customer_03640,M,33,Jaipur,2024-01-31
C03641,Customer_03641,M,54,Chennai,2024-08-10
C03642,Customer_03642,F,32,Mumbai,2024-09-22
C03643,Customer_03643,M,30,Pune,2024-10-08
C03644,Customer_03644,M,30,Mumbai,2025-01-15
C03645,Customer_03645,F,49,Chennai,2025-07-09
C03646,Customer_03646,M,25,Mumbai,2024-03-02
C03647,Customer_03647,M,60,Pune,2025-12-13
C03648,Customer_03648,M,35,Vijayawada,2025-06-04
C03649,Customer_03649,F,53,Chennai,2024-03-11
C03650,Customer_03650,Other,43,Jaipur,2025-08-24
C03651,Customer_03651,F,27,Mumbai,2025-06-19
C03652,Customer_03652,M,48,Pune,2024-05-19
C03653,Customer_03653,F,50,Ahmedabad,2024-11-11
C03654,Customer_03654,M,46,Kolkata,2024-12-05
C03655,Customer_03655,M,22,Pune,2025-08-12
C03656,Customer_03656,M,30,Bengaluru,2025-12-26
C03657,Customer_03657,M,18,Kolkata,2025-06-11
C03658,Customer_03658,F,40,Ahmedabad,2025-06-24
C03659,Customer_03659,F,57,Hyderabad,2025-02-19
C03660,Customer_03660,F,20,Jaipur,2025-04-11
C03661,Customer_03661,F,20,Delhi,2025-01-09
C03662,Customer_03662,F,24,Ahmedabad,2024-10-17
C03663,Customer_03663,M,53,Vijayawada,2024-02-12
C03664,Customer_03664,M,52,Kolkata,2024-02-22
C03665,Customer_03665,F,32,Vijayawada,2024-08-19
C03666,Customer_03666,M,57,Kolkata,2024-07-30
C03667,Customer_03667,F,20,Bengaluru,2024-01-08
C03668,Customer_03668,M,46,Hyderabad,2025-09-25
C03669,Customer_03669,M,47,Delhi,2025-04-27
C03670,Customer_03670,M,56,Bengaluru,2024-02-11
C03671,Customer_03671,M,35,Ahmedabad,2024-11-28
C03672,Customer_03672,M,28,Vijayawada,2024-08-20
C03673,Customer_03673,F,60,Kolkata,2024-03-10
C03674,Customer_03674,M,55,Ahmedabad,2024-01-16
C03675,Customer_03675,F,57,Pune,2024-03-09
C03676,Customer_03676,M,18,Hyderabad,2024-02-22
C03677,Customer_03677,M,46,Jaipur,2025-11-15
C03678,Customer_03678,M,27,Pune,2025-01-13
C03679,Customer_03679,F,45,Vijayawada,2025-04-07
C03680,Customer_03680,M,48,Hyderabad,2025-06-10
C03681,Customer_03681,F,36,Hyderabad,2025-11-09
C03682,Customer_03682,M,20,Ahmedabad,2024-03-03
C03683,Customer_03683,F,53,Pune,2024-09-17
C03684,Customer_03684,M,60,Ahmedabad,2025-05-14
C03685,Customer_03685,F,32,Ahmedabad,2024-04-30
C03686,Customer_03686,F,50,Ahmedabad,2024-08-27
C03687,Customer_03687,F,58,Vijayawada,2025-04-09
C03688,Customer_03688,M,60,Kolkata,2024-04-16
C03689,Customer_03689,M,43,Kolkata,2024-06-28
C03690,Customer_03690,M,33,Vijayawada,2024-01-16
C03691,Customer_03691,F,53,Delhi,2024-12-20
C03692,Customer_03692,F,50,Jaipur,2024-11-04
C03693,Customer_03693,F,37,Bengaluru,2025-12-27
C03694,Customer_03694,M,30,Jaipur,2025-08-11
C03695,Customer_03695,M,50,Vijayawada,2025-08-27
C03696,Customer_03696,M,22,Mumbai,2024-06-29
C03697,Customer_03697,F,54,Bengaluru,2024-06-22
C03698,Customer_03698,F,31,Delhi,2024-12-19
C03699,Customer_03699,F,44,Chennai,2024-12-19
C03700,Customer_03700,M,40,Bengaluru,2024-08-06
C03701,Customer_03701,F,31,Hyderabad,2025-10-16
C03702,Customer_03702,F,57,Vijayawada,2024-11-10
C03703,Customer_03703,M,21,Chennai,2025-03-09
C03704,Customer_03704,F,56,Jaipur,2024-10-08
C03705,Customer_03705,F,36,Chennai,2024-09-15
C03706,Customer_03706,F,21,Vijayawada,2025-07-12
C03707,Customer_03707,F,47,Jaipur,2024-01-05
C03708,Customer_03708,M,36,Vijayawada,2025-07-27
C03709,Customer_03709,M,48,Pune,2025-08-18
C03710,Customer_03710,F,48,Mumbai,2025-10-06
C03711,Customer_03711,M,26,Delhi,2025-01-28
C03712,Customer_03712,F,30,Delhi,2024-12-01
C03713,Customer_03713,F,31,Hyderabad,2024-03-03
C03714,Customer_03714,F,27,Mumbai,2024-02-13
C03715,Customer_03715,Other,48,Mumbai,2024-06-01
C03716,Customer_03716,M,54,Hyderabad,2025-11-13
C03717,Customer_03717,M,40,Jaipur,2024-06-04
C03718,Customer_03718,M,44,Hyderabad,2025-04-22
C03719,Customer_03719,M,23,Jaipur,2024-10-01
C03720,Customer_03720,M,43,Hyderabad,2024-12-23
C03721,Customer_03721,M,19,Bengaluru,2025-03-01
C03722,Customer_03722,F,30,Bengaluru,2025-06-15
C03723,Customer_03723,F,36,Pune,2025-04-27
C03724,Customer_03724,M,18,Kolkata,2024-08-01
C03725,Customer_03725,M,57,Hyderabad,2024-03-19
C03726,Customer_03726,F,49,Mumbai,2024-05-18
C03727,Customer_03727,M,39,Bengaluru,2024-04-07
C03728,Customer_03728,M,46,Ahmedabad,2025-10-25
C03729,Customer_03729,M,19,Jaipur,2024-07-16
C03730,Customer_03730,F,57,Bengaluru,2024-06-04
C03731,Customer_03731,M,55,Bengaluru,2024-02-19
C03732,Customer_03732,F,28,Vijayawada,2025-04-23
C03733,Customer_03733,M,34,Jaipur,2024-08-15
C03734,Customer_03734,F,60,Delhi,2025-04-01
C03735,Customer_03735,M,25,Chennai,2025-06-05
C03736,Customer_03736,M,39,Jaipur,2024-05-28
C03737,Customer_03737,F,21,Pune,2024-02-27
C03738,Customer_03738,F,28,Vijayawada,2024-06-10
C03739,Customer_03739,F,25,Jaipur,2025-04-21
C03740,Customer_03740,F,26,Jaipur,2024-04-16
C03741,Customer_03741,F,43,Kolkata,2025-03-02
C03742,Customer_03742,F,19,Vijayawada,2025-01-29
C03743,Customer_03743,F,33,Jaipur,2024-07-04
C03744,Customer_03744,M,48,Chennai,2025-07-11
C03745,Customer_03745,M,23,Chennai,2025-03-21
C03746,Customer_03746,M,38,Ahmedabad,2025-10-02
C03747,Customer_03747,F,43,Vijayawada,2025-03-23
C03748,Customer_03748,M,36,Delhi,2024-03-27
C03749,Customer_03749,M,45,Jaipur,2024-09-05
C03750,Customer_03750,F,25,Kolkata,2025-03-15
C03751,Customer_03751,F,31,Kolkata,2024-09-13
C03752,Customer_03752,F,41,Mumbai,2024-10-03
C03753,Customer_03753,M,54,Delhi,2025-03-13
C03754,Customer_03754,F,43,Kolkata,2025-05-30
C03755,Customer_03755,M,48,Chennai,2025-07-30
C03756,Customer_03756,M,49,Mumbai,2024-07-20
C03757,Customer_03757,M,58,Hyderabad,2025-07-28
C03758,Customer_03758,M,19,Kolkata,2025-10-16
C03759,Customer_03759,M,42,Pune,2024-06-28
C03760,Customer_03760,F,19,Vijayawada,2025-11-16
C03761,Customer_03761,M,59,Kolkata,2024-11-20
C03762,Customer_03762,F,18,Bengaluru,2025-09-14
C03763,Customer_03763,F,53,Delhi,2025-11-17
C03764,Customer_03764,M,29,Bengaluru,2025-04-19
C03765,Customer_03765,F,26,Ahmedabad,2025-10-26
C03766,Customer_03766,M,53,Kolkata,2025-02-03
C03767,Customer_03767,F,58,Hyderabad,2024-08-04
C03768,Customer_03768,M,45,Bengaluru,2025-03-28
C03769,Customer_03769,M,55,Bengaluru,2025-02-07
C03770,Customer_03770,M,50,Delhi,2024-08-27
C03771,Customer_03771,F,59,Mumbai,2024-07-04
C03772,Customer_03772,F,39,Hyderabad,2024-02-17
C03773,Customer_03773,M,42,Bengaluru,2025-01-20
C03774,Customer_03774,F,35,Jaipur,2024-07-26
C03775,Customer_03775,F,23,Hyderabad,2024-06-05
C03776,Customer_03776,F,35,Jaipur,2024-08-12
C03777,Customer_03777,F,33,Kolkata,2024-05-23
C03778,Customer_03778,F,32,Bengaluru,2025-02-22
C03779,Customer_03779,F,25,Bengaluru,2024-04-20
C03780,Customer_03780,F,30,Chennai,2025-04-09
C03781,Customer_03781,M,60,Chennai,2024-05-11
C03782,Customer_03782,M,24,Delhi,2025-09-16
C03783,Customer_03783,M,34,Vijayawada,2025-08-23
C03784,Customer_03784,F,49,Vijayawada,2025-11-03
C03785,Customer_03785,F,39,Mumbai,2024-11-29
C03786,Customer_03786,M,30,Delhi,2024-03-15
C03787,Customer_03787,F,40,Vijayawada,2025-02-15
C03788,Customer_03788,M,46,Delhi,2025-06-02
C03789,Customer_03789,M,39,Bengaluru,2025-09-16
C03790,Customer_03790,Other,18,Chennai,2024-02-05
C03791,Customer_03791,M,46,Chennai,2025-09-16
C03792,Customer_03792,M,22,Chennai,2024-08-10
C03793,Customer_03793,F,52,Vijayawada,2025-12-23
C03794,Customer_03794,F,27,Hyderabad,2025-06-13
C03795,Customer_03795,M,36,Pune,2024-08-28
C03796,Customer_03796,F,54,Bengaluru,2024-05-13
C03797,Customer_03797,F,24,Kolkata,2025-01-25
C03798,Customer_03798,M,52,Delhi,2024-04-11
C03799,Customer_03799,M,30,Chennai,2025-10-13
C03800,Customer_03800,F,27,Chennai,2025-11-11
C03801,Customer_03801,M,19,Chennai,2025-05-12
C03802,Customer_03802,F,23,Bengaluru,2025-05-25
C03803,Customer_03803,F,25,Chennai,2025-12-03
C03804,Customer_03804,Other,53,Mumbai,2025-06-20
C03805,Customer_03805,M,42,Delhi,2025-06-28
C03806,Customer_03806,F,57,Bengaluru,2024-12-08
C03807,Customer_03807,M,24,Delhi,2024-01-06
C03808,Customer_03808,M,40,Jaipur,2024-07-12
C03809,Customer_03809,M,36,Ahmedabad,2024-05-16
C03810,Customer_03810,M,39,Mumbai,2025-04-17
C03811,Customer_03811,F,30,Hyderabad,2024-08-03
C03812,Customer_03812,M,38,Hyderabad,2024-12-14
C03813,Customer_03813,M,18,Pune,2024-07-01
C03814,Customer_03814,F,36,Mumbai,2024-06-16
C03815,Customer_03815,M,50,Delhi,2024-02-07
C03816,Customer_03816,F,21,Hyderabad,2025-11-05
C03817,Customer_03817,M,59,Ahmedabad,2025-04-15
C03818,Customer_03818,F,20,Hyderabad,2025-03-27
C03819,Customer_03819,F,44,Chennai,2025-05-04
C03820,Customer_03820,M,58,Pune,2024-05-21
C03821,Customer_03821,M,52,Bengaluru,2024-04-12
C03822,Customer_03822,M,45,Kolkata,2025-12-11
C03823,Customer_03823,F,23,Kolkata,2025-12-12
C03824,Customer_03824,M,23,Hyderabad,2024-02-11
C03825,Customer_03825,M,40,Delhi,2024-05-26
C03826,Customer_03826,M,50,Delhi,2024-03-06
C03827,Customer_03827,M,33,Chennai,2024-07-11
C03828,Customer_03828,M,41,Hyderabad,2024-10-24
C03829,Customer_03829,F,22,Hyderabad,2024-02-07
C03830,Customer_03830,M,58,Kolkata,2025-05-16
C03831,Customer_03831,M,59,Jaipur,2025-10-14
C03832,Customer_03832,F,30,Hyderabad,2025-09-09
C03833,Customer_03833,F,29,Bengaluru,2025-03-03
C03834,Customer_03834,M,22,Pune,2025-10-25
C03835,Customer_03835,M,54,Pune,2024-12-17
C03836,Customer_03836,M,48,Bengaluru,2024-11-21
C03837,Customer_03837,F,45,Jaipur,2024-02-07
C03838,Customer_03838,M,45,Delhi,2024-04-06
C03839,Customer_03839,F,47,Kolkata,2024-04-17
C03840,Customer_03840,F,35,Pune,2025-09-22
C03841,Customer_03841,F,44,Mumbai,2024-05-30
C03842,Customer_03842,M,52,Ahmedabad,2024-03-14
C03843,Customer_03843,M,43,Kolkata,2024-02-26
C03844,Customer_03844,M,56,Jaipur,2024-11-30
C03845,Customer_03845,M,35,Mumbai,2024-09-08
C03846,Customer_03846,F,50,Hyderabad,2024-09-10
C03847,Customer_03847,F,42,Bengaluru,2025-01-19
C03848,Customer_03848,F,48,Hyderabad,2025-03-31
C03849,Customer_03849,F,54,Chennai,2024-09-15
C03850,Customer_03850,M,19,Vijayawada,2025-04-09
C03851,Customer_03851,M,50,Bengaluru,2024-02-03
C03852,Customer_03852,M,56,Mumbai,2025-05-09
C03853,Customer_03853,F,60,Ahmedabad,2024-11-21
C03854,Customer_03854,F,60,Vijayawada,2024-08-25
C03855,Customer_03855,F,49,Chennai,2025-11-21
C03856,Customer_03856,M,35,Delhi,2025-09-07
C03857,Customer_03857,M,34,Chennai,2025-06-24
C03858,Customer_03858,F,51,Vijayawada,2025-04-10
C03859,Customer_03859,M,56,Pune,2024-10-30
C03860,Customer_03860,F,24,Kolkata,2024-04-26
C03861,Customer_03861,F,59,Jaipur,2024-07-25
C03862,Customer_03862,F,52,Hyderabad,2025-11-27
C03863,Customer_03863,M,47,Delhi,2025-04-25
C03864,Customer_03864,M,29,Jaipur,2025-10-11
C03865,Customer_03865,M,52,Chennai,2025-02-06
C03866,Customer_03866,M,28,Ahmedabad,2025-11-06
C03867,Customer_03867,M,21,Hyderabad,2025-08-09
C03868,Customer_03868,F,42,Delhi,2024-08-20
C03869,Customer_03869,F,49,Jaipur,2024-10-10
C03870,Customer_03870,M,37,Hyderabad,2025-04-24
C03871,Customer_03871,M,48,Hyderabad,2024-01-09
C03872,Customer_03872,M,21,Delhi,2025-12-15
C03873,Customer_03873,M,55,Mumbai,2025-01-13
C03874,Customer_03874,F,18,Kolkata,2025-08-25
C03875,Customer_03875,M,20,Mumbai,2025-01-15
C03876,Customer_03876,M,54,Hyderabad,2025-10-23
C03877,Customer_03877,M,39,Vijayawada,2024-12-25
C03878,Customer_03878,F,34,Bengaluru,2024-06-24
C03879,Customer_03879,F,31,Vijayawada,2025-04-29
C03880,Customer_03880,M,58,Delhi,2025-02-08
C03881,Customer_03881,F,52,Hyderabad,2024-02-02
C03882,Customer_03882,F,30,Hyderabad,2025-04-09
C03883,Customer_03883,F,52,Ahmedabad,2025-11-26
C03884,Customer_03884,M,60,Kolkata,2024-06-05
C03885,Customer_03885,F,19,Ahmedabad,2025-07-18
C03886,Customer_03886,F,30,Delhi,2024-07-20
C03887,Customer_03887,F,33,Pune,2024-06-23
C03888,Customer_03888,F,35,Mumbai,2024-08-31
C03889,Customer_03889,F,24,Ahmedabad,2024-09-25
C03890,Customer_03890,M,53,Delhi,2025-03-21
C03891,Customer_03891,F,58,Mumbai,2024-03-14
C03892,Customer_03892,F,47,Delhi,2024-04-05
C03893,Customer_03893,F,59,Pune,2024-06-21
C03894,Customer_03894,M,58,Kolkata,2025-02-09
C03895,Customer_03895,F,24,Kolkata,2024-06-03
C03896,Customer_03896,F,32,Delhi,2024-07-01
C03897,Customer_03897,M,57,Ahmedabad,2024-11-18
C03898,Customer_03898,F,36,Kolkata,2024-10-15
C03899,Customer_03899,F,60,Bengaluru,2024-09-14
C03900,Customer_03900,F,54,Ahmedabad,2025-08-09
C03901,Customer_03901,M,19,Jaipur,2024-06-22
C03902,Customer_03902,M,59,Chennai,2024-11-25
C03903,Customer_03903,F,30,Delhi,2024-08-18
C03904,Customer_03904,M,57,Delhi,2024-06-09
C03905,Customer_03905,F,58,Delhi,2024-07-04
C03906,Customer_03906,M,60,Pune,2024-05-22
C03907,Customer_03907,F,60,Delhi,2024-10-08
C03908,Customer_03908,M,48,Kolkata,2025-10-01
C03909,Customer_03909,F,33,Kolkata,2025-11-08
C03910,Customer_03910,M,59,Chennai,2024-01-27
C03911,Customer_03911,M,23,Chennai,2024-09-02
C03912,Customer_03912,M,45,Vijayawada,2025-05-01
C03913,Customer_03913,M,49,Ahmedabad,2025-10-08
C03914,Customer_03914,F,27,Kolkata,2024-07-20
C03915,Customer_03915,F,35,Kolkata,2024-01-21
C03916,Customer_03916,M,21,Pune,2025-08-13
C03917,Customer_03917,F,26,Kolkata,2025-10-31
C03918,Customer_03918,M,24,Kolkata,2024-04-03
C03919,Customer_03919,F,25,Vijayawada,2024-01-08
C03920,Customer_03920,F,60,Bengaluru,2025-04-16
C03921,Customer_03921,F,24,Vijayawada,2024-12-04
C03922,Customer_03922,M,58,Bengaluru,2024-09-15
C03923,Customer_03923,F,57,Vijayawada,2024-02-24
C03924,Customer_03924,M,20,Kolkata,2025-07-01
C03925,Customer_03925,Other,34,Vijayawada,2024-01-06
C03926,Customer_03926,M,19,Kolkata,2025-01-11
C03927,Customer_03927,F,32,Kolkata,2025-07-07
C03928,Customer_03928,F,46,Chennai,2024-02-19
C03929,Customer_03929,F,39,Hyderabad,2024-04-21
C03930,Customer_03930,M,21,Bengaluru,2024-05-25
C03931,Customer_03931,F,23,Jaipur,2024-08-17
C03932,Customer_03932,M,55,Ahmedabad,2025-12-23
C03933,Customer_03933,F,43,Ahmedabad,2025-05-11
C03934,Customer_03934,M,28,Vijayawada,2024-11-01
C03935,Customer_03935,M,43,Hyderabad,2025-06-25
C03936,Customer_03936,F,34,Pune,2025-04-05
C03937,Customer_03937,M,41,Jaipur,2025-09-19
C03938,Customer_03938,M,45,Ahmedabad,2024-08-13
C03939,Customer_03939,M,52,Mumbai,2024-02-28
C03940,Customer_03940,M,48,Delhi,2024-03-16
C03941,Customer_03941,F,30,Mumbai,2025-03-03
C03942,Customer_03942,F,52,Pune,2025-12-28
C03943,Customer_03943,M,33,Jaipur,2024-05-11
C03944,Customer_03944,M,32,Ahmedabad,2025-05-12
C03945,Customer_03945,M,60,Vijayawada,2025-08-15
C03946,Customer_03946,M,35,Delhi,2024-10-31
C03947,Customer_03947,F,54,Bengaluru,2024-03-07
C03948,Customer_03948,F,58,Ahmedabad,2024-08-17
C03949,Customer_03949,M,44,Ahmedabad,2024-11-28
C03950,Customer_03950,M,52,Pune,2024-10-03
C03951,Customer_03951,M,52,Ahmedabad,2025-08-06
C03952,Customer_03952,F,45,Jaipur,2025-12-21
C03953,Customer_03953,F,56,Hyderabad,2024-05-23
C03954,Customer_03954,M,55,Jaipur,2024-09-07
C03955,Customer_03955,M,26,Bengaluru,2025-11-21
C03956,Customer_03956,F,29,Hyderabad,2024-03-20
C03957,Customer_03957,F,32,Ahmedabad,2024-02-26
C03958,Customer_03958,M,38,Ahmedabad,2024-12-31
C03959,Customer_03959,M,52,Delhi,2024-11-03
C03960,Customer_03960,M,59,Ahmedabad,2024-06-22
C03961,Customer_03961,F,50,Kolkata,2025-04-06
C03962,Customer_03962,M,36,Bengaluru,2025-11-08
C03963,Customer_03963,M,40,Chennai,2025-08-18
C03964,Customer_03964,F,30,Vijayawada,2025-05-07
C03965,Customer_03965,M,18,Delhi,2025-07-13
C03966,Customer_03966,F,46,Mumbai,2025-09-30
C03967,Customer_03967,M,41,Hyderabad,2025-11-11
C03968,Customer_03968,M,33,Chennai,2025-01-08
C03969,Customer_03969,F,42,Vijayawada,2024-12-14
C03970,Customer_03970,M,40,Ahmedabad,2024-03-07
C03971,Customer_03971,F,45,Jaipur,2024-11-25
C03972,Customer_03972,F,33,Kolkata,2024-07-12
C03973,Customer_03973,M,60,Hyderabad,2024-06-03
C03974,Customer_03974,F,55,Hyderabad,2024-06-08
C03975,Customer_03975,M,28,Hyderabad,2025-11-26
C03976,Customer_03976,F,20,Bengaluru,2024-09-22
C03977,Customer_03977,M,32,Hyderabad,2024-06-16
C03978,Customer_03978,F,18,Delhi,2024-05-24
C03979,Customer_03979,M,24,Vijayawada,2024-07-04
C03980,Customer_03980,M,18,Jaipur,2025-02-26
C03981,Customer_03981,F,49,Delhi,2025-04-01
C03982,Customer_03982,F,26,Delhi,2024-12-10
C03983,Customer_03983,M,46,Kolkata,2025-07-07
C03984,Customer_03984,M,43,Jaipur,2025-05-30
C03985,Customer_03985,F,40,Kolkata,2025-12-05
C03986,Customer_03986,F,60,Hyderabad,2024-04-13
C03987,Customer_03987,M,46,Hyderabad,2024-09-03
C03988,Customer_03988,M,55,Delhi,2024-01-23
C03989,Customer_03989,M,50,Delhi,2025-06-08
C03990,Customer_03990,F,24,Hyderabad,2024-05-23
C03991,Customer_03991,M,29,Pune,2025-12-30
C03992,Customer_03992,M,48,Vijayawada,2025-11-25
C03993,Customer_03993,F,49,Bengaluru,2024-07-11
C03994,Customer_03994,M,37,Chennai,2025-04-09
C03995,Customer_03995,F,34,Ahmedabad,2025-01-09
C03996,Customer_03996,M,53,Mumbai,2025-11-07
C03997,Customer_03997,M,20,Jaipur,2025-11-22
C03998,Customer_03998,M,18,Kolkata,2025-09-20
C03999,Customer_03999,F,44,Jaipur,2024-09-22
C04000,Customer_04000,M,57,Hyderabad,2025-01-12
C04001,Customer_04001,F,50,Chennai,2025-07-03
C04002,Customer_04002,F,37,Mumbai,2025-07-09
C04003,Customer_04003,F,31,Delhi,2024-03-14
C04004,Customer_04004,M,53,Delhi,2025-03-13
C04005,Customer_04005,M,22,Kolkata,2024-08-13
C04006,Customer_04006,M,40,Vijayawada,2024-11-03
C04007,Customer_04007,M,32,Ahmedabad,2024-12-13
C04008,Customer_04008,M,23,Vijayawada,2025-04-20
C04009,Customer_04009,F,50,Chennai,2024-11-10
C04010,Customer_04010,M,36,Vijayawada,2025-06-08
C04011,Customer_04011,M,30,Kolkata,2025-02-28
C04012,Customer_04012,M,46,Mumbai,2025-06-07
C04013,Customer_04013,F,23,Mumbai,2025-07-15
C04014,Customer_04014,M,32,Mumbai,2024-09-05
C04015,Customer_04015,F,33,Delhi,2025-09-22
C04016,Customer_04016,M,41,Pune,2025-07-22
C04017,Customer_04017,F,40,Chennai,2024-06-30
C04018,Customer_04018,F,27,Ahmedabad,2024-04-15
C04019,Customer_04019,M,58,Chennai,2024-07-09
C04020,Customer_04020,M,58,Chennai,2024-05-16
C04021,Customer_04021,M,34,Vijayawada,2025-11-30
C04022,Customer_04022,M,47,Bengaluru,2024-04-29
C04023,Customer_04023,F,27,Chennai,2024-03-12
C04024,Customer_04024,F,36,Kolkata,2024-05-10
C04025,Customer_04025,F,46,Bengaluru,2025-04-01
C04026,Customer_04026,F,19,Pune,2025-04-23
C04027,Customer_04027,M,53,Kolkata,2024-02-21
C04028,Customer_04028,M,36,Chennai,2025-07-27
C04029,Customer_04029,F,24,Jaipur,2024-04-28
C04030,Customer_04030,M,43,Delhi,2024-09-20
C04031,Customer_04031,F,32,Vijayawada,2024-08-26
C04032,Customer_04032,M,55,Hyderabad,2024-12-16
C04033,Customer_04033,M,20,Ahmedabad,2024-09-11
C04034,Customer_04034,Other,55,Ahmedabad,2025-11-15
C04035,Customer_04035,M,33,Kolkata,2024-11-04
C04036,Customer_04036,Other,19,Ahmedabad,2025-08-29
C04037,Customer_04037,F,48,Bengaluru,2025-05-09
C04038,Customer_04038,F,45,Mumbai,2024-02-26
C04039,Customer_04039,F,24,Jaipur,2025-02-06
C04040,Customer_04040,F,47,Hyderabad,2024-03-07
C04041,Customer_04041,F,60,Ahmedabad,2024-02-15
C04042,Customer_04042,M,24,Ahmedabad,2025-08-28
C04043,Customer_04043,M,53,Kolkata,2025-10-11
C04044,Customer_04044,F,46,Chennai,2025-01-03
C04045,Customer_04045,M,41,Delhi,2025-08-27
C04046,Customer_04046,M,56,Vijayawada,2024-08-19
C04047,Customer_04047,M,21,Vijayawada,2025-02-05
C04048,Customer_04048,F,46,Vijayawada,2025-07-14
C04049,Customer_04049,F,22,Vijayawada,2024-01-23
C04050,Customer_04050,M,46,Pune,2025-07-27
C04051,Customer_04051,F,47,Hyderabad,2024-09-23
C04052,Customer_04052,F,46,Chennai,2024-04-27
C04053,Customer_04053,F,43,Delhi,2025-08-22
C04054,Customer_04054,F,36,Delhi,2025-08-23
C04055,Customer_04055,F,43,Kolkata,2024-02-24
C04056,Customer_04056,M,54,Jaipur,2024-06-01
C04057,Customer_04057,F,44,Ahmedabad,2024-08-26
C04058,Customer_04058,M,47,Ahmedabad,2024-09-21
C04059,Customer_04059,F,47,Chennai,2024-09-24
C04060,Customer_04060,Other,20,Pune,2024-04-22
C04061,Customer_04061,M,60,Bengaluru,2024-06-14
C04062,Customer_04062,M,24,Mumbai,2025-10-29
C04063,Customer_04063,F,26,Chennai,2024-01-08
C04064,Customer_04064,M,58,Bengaluru,2025-12-14
C04065,Customer_04065,F,59,Mumbai,2024-08-04
C04066,Customer_04066,M,30,Delhi,2025-03-06
C04067,Customer_04067,M,32,Pune,2024-10-18
C04068,Customer_04068,F,22,Chennai,2024-02-19
C04069,Customer_04069,F,46,Vijayawada,2024-04-16
C04070,Customer_04070,F,52,Delhi,2024-01-09
C04071,Customer_04071,M,44,Bengaluru,2025-11-30
C04072,Customer_04072,F,44,Chennai,2025-03-31
C04073,Customer_04073,F,25,Chennai,2024-11-18
C04074,Customer_04074,F,49,Kolkata,2024-11-04
C04075,Customer_04075,F,37,Hyderabad,2025-09-13
C04076,Customer_04076,F,27,Delhi,2024-05-24
C04077,Customer_04077,M,30,Chennai,2025-02-15
C04078,Customer_04078,M,46,Ahmedabad,2024-04-23
C04079,Customer_04079,F,52,Ahmedabad,2025-07-28
C04080,Customer_04080,M,25,Hyderabad,2025-02-02
C04081,Customer_04081,F,46,Chennai,2024-10-01
C04082,Customer_04082,M,48,Vijayawada,2024-05-03
C04083,Customer_04083,F,58,Hyderabad,2024-03-26
C04084,Customer_04084,F,47,Hyderabad,2025-08-04
C04085,Customer_04085,M,39,Bengaluru,2024-02-16
C04086,Customer_04086,M,38,Bengaluru,2025-12-11
C04087,Customer_04087,M,29,Jaipur,2024-07-19
C04088,Customer_04088,F,28,Delhi,2024-10-02
C04089,Customer_04089,F,19,Mumbai,2025-07-02
C04090,Customer_04090,M,58,Hyderabad,2025-12-15
C04091,Customer_04091,F,19,Bengaluru,2024-05-09
C04092,Customer_04092,M,51,Pune,2025-03-23
C04093,Customer_04093,M,20,Jaipur,2025-01-23
C04094,Customer_04094,F,33,Chennai,2025-07-29
C04095,Customer_04095,M,21,Delhi,2024-09-19
C04096,Customer_04096,M,40,Chennai,2025-09-23
C04097,Customer_04097,M,37,Jaipur,2024-10-04
C04098,Customer_04098,M,42,Kolkata,2025-12-14
C04099,Customer_04099,M,47,Ahmedabad,2024-02-15
C04100,Customer_04100,M,35,Delhi,2024-06-16
C04101,Customer_04101,F,59,Ahmedabad,2025-03-20
C04102,Customer_04102,M,28,Pune,2025-09-13
C04103,Customer_04103,F,46,Chennai,2024-02-15
C04104,Customer_04104,M,34,Kolkata,2025-12-24
C04105,Customer_04105,M,43,Pune,2025-06-23
C04106,Customer_04106,F,40,Mumbai,2024-03-27
C04107,Customer_04107,F,37,Chennai,2025-01-19
C04108,Customer_04108,M,19,Jaipur,2025-10-30
C04109,Customer_04109,F,41,Kolkata,2024-09-21
C04110,Customer_04110,F,48,Delhi,2024-01-22
C04111,Customer_04111,F,44,Kolkata,2025-12-03
C04112,Customer_04112,F,19,Chennai,2025-03-25
C04113,Customer_04113,M,31,Bengaluru,2024-08-19
C04114,Customer_04114,M,21,Pune,2024-07-04
C04115,Customer_04115,F,30,Kolkata,2024-11-21
C04116,Customer_04116,M,53,Ahmedabad,2024-07-01
C04117,Customer_04117,F,52,Pune,2025-01-31
C04118,Customer_04118,M,25,Ahmedabad,2025-04-25
C04119,Customer_04119,M,19,Kolkata,2025-02-06
C04120,Customer_04120,F,23,Bengaluru,2025-04-07
C04121,Customer_04121,M,48,Pune,2025-02-20
C04122,Customer_04122,F,27,Jaipur,2024-07-20
C04123,Customer_04123,F,38,Pune,2024-03-05
C04124,Customer_04124,F,59,Delhi,2025-07-08
C04125,Customer_04125,F,27,Kolkata,2024-01-17
C04126,Customer_04126,F,40,Mumbai,2024-07-01
C04127,Customer_04127,F,20,Chennai,2025-01-25
C04128,Customer_04128,F,49,Hyderabad,2024-02-13
C04129,Customer_04129,M,37,Vijayawada,2025-11-30
C04130,Customer_04130,M,27,Mumbai,2025-04-26
C04131,Customer_04131,M,46,Ahmedabad,2024-09-19
C04132,Customer_04132,M,58,Jaipur,2024-06-22
C04133,Customer_04133,F,51,Jaipur,2025-03-16
C04134,Customer_04134,F,54,Vijayawada,2025-07-19
C04135,Customer_04135,F,37,Bengaluru,2024-08-07
C04136,Customer_04136,M,25,Delhi,2025-07-11
C04137,Customer_04137,F,24,Chennai,2025-01-28
C04138,Customer_04138,M,23,Mumbai,2024-07-13
C04139,Customer_04139,F,28,Hyderabad,2025-02-12
C04140,Customer_04140,F,35,Pune,2025-04-15
C04141,Customer_04141,M,59,Vijayawada,2024-12-12
C04142,Customer_04142,M,46,Bengaluru,2025-04-06
C04143,Customer_04143,M,42,Jaipur,2024-03-01
C04144,Customer_04144,F,38,Hyderabad,2024-06-14
C04145,Customer_04145,F,20,Jaipur,2025-11-02
C04146,Customer_04146,F,35,Kolkata,2024-05-30
C04147,Customer_04147,M,41,Vijayawada,2024-04-20
C04148,Customer_04148,M,55,Bengaluru,2025-05-02
C04149,Customer_04149,F,27,Pune,2025-07-02
C04150,Customer_04150,F,44,Ahmedabad,2024-01-03
C04151,Customer_04151,M,29,Bengaluru,2025-04-27
C04152,Customer_04152,M,24,Chennai,2024-01-13
C04153,Customer_04153,F,34,Pune,2024-06-10
C04154,Customer_04154,M,18,Mumbai,2024-12-09
C04155,Customer_04155,M,43,Bengaluru,2025-03-24
C04156,Customer_04156,M,32,Pune,2024-11-27
C04157,Customer_04157,F,50,Mumbai,2024-09-20
C04158,Customer_04158,F,54,Bengaluru,2024-03-23
C04159,Customer_04159,F,48,Hyderabad,2024-11-29
C04160,Customer_04160,F,52,Ahmedabad,2025-01-14
C04161,Customer_04161,F,18,Hyderabad,2024-08-06
C04162,Customer_04162,M,25,Chennai,2025-10-19
C04163,Customer_04163,F,29,Pune,2025-03-29
C04164,Customer_04164,M,36,Mumbai,2025-11-03
C04165,Customer_04165,F,42,Kolkata,2024-03-29
C04166,Customer_04166,M,49,Bengaluru,2024-11-28
C04167,Customer_04167,M,29,Kolkata,2024-11-05
C04168,Customer_04168,M,30,Bengaluru,2025-12-27
C04169,Customer_04169,M,45,Chennai,2025-02-23
C04170,Customer_04170,M,18,Kolkata,2025-08-31
C04171,Customer_04171,M,23,Mumbai,2025-12-25
C04172,Customer_04172,Other,25,Delhi,2024-12-19
C04173,Customer_04173,M,21,Hyderabad,2024-04-09
C04174,Customer_04174,F,22,Mumbai,2024-05-24
C04175,Customer_04175,F,42,Jaipur,2024-01-10
C04176,Customer_04176,Other,39,Vijayawada,2024-02-13
C04177,Customer_04177,F,45,Chennai,2025-01-20
C04178,Customer_04178,F,56,Ahmedabad,2025-05-09
C04179,Customer_04179,M,40,Bengaluru,2025-05-07
C04180,Customer_04180,M,21,Mumbai,2024-06-17
C04181,Customer_04181,M,21,Kolkata,2025-10-03
C04182,Customer_04182,F,38,Vijayawada,2025-06-14
C04183,Customer_04183,F,54,Delhi,2024-12-01
C04184,Customer_04184,M,58,Jaipur,2025-05-27
C04185,Customer_04185,M,19,Kolkata,2024-05-09
C04186,Customer_04186,F,24,Hyderabad,2025-06-22
C04187,Customer_04187,M,33,Delhi,2025-05-28
C04188,Customer_04188,F,34,Vijayawada,2024-09-06
C04189,Customer_04189,F,37,Pune,2024-05-17
C04190,Customer_04190,F,40,Pune,2024-10-01
C04191,Customer_04191,F,51,Vijayawada,2025-04-08
C04192,Customer_04192,F,28,Pune,2024-05-20
C04193,Customer_04193,F,51,Chennai,2024-09-12
C04194,Customer_04194,F,50,Mumbai,2025-03-31
C04195,Customer_04195,F,43,Bengaluru,2025-03-09
C04196,Customer_04196,M,19,Mumbai,2025-08-29
C04197,Customer_04197,M,40,Jaipur,2024-06-21
C04198,Customer_04198,M,58,Mumbai,2025-04-17
C04199,Customer_04199,M,39,Mumbai,2025-02-26
C04200,Customer_04200,F,51,Hyderabad,2025-03-14
C04201,Customer_04201,F,32,Bengaluru,2024-02-26
C04202,Customer_04202,M,27,Mumbai,2025-05-12
C04203,Customer_04203,M,32,Bengaluru,2025-09-05
C04204,Customer_04204,F,59,Ahmedabad,2024-06-17
C04205,Customer_04205,M,46,Pune,2025-08-04
C04206,Customer_04206,M,40,Kolkata,2025-07-14
C04207,Customer_04207,F,34,Hyderabad,2025-03-03
C04208,Customer_04208,F,26,Pune,2025-02-22
C04209,Customer_04209,M,53,Bengaluru,2024-12-12
C04210,Customer_04210,M,26,Pune,2025-05-31
C04211,Customer_04211,M,33,Mumbai,2025-03-30
C04212,Customer_04212,F,53,Kolkata,2025-12-14
C04213,Customer_04213,F,50,Mumbai,2024-07-20
C04214,Customer_04214,M,48,Jaipur,2024-06-27
C04215,Customer_04215,F,23,Mumbai,2024-02-26
C04216,Customer_04216,F,27,Kolkata,2025-11-28
C04217,Customer_04217,M,33,Delhi,2025-08-26
C04218,Customer_04218,F,21,Ahmedabad,2025-05-15
C04219,Customer_04219,F,39,Bengaluru,2024-04-21
C04220,Customer_04220,M,30,Ahmedabad,2024-05-27
C04221,Customer_04221,M,33,Jaipur,2025-12-15
C04222,Customer_04222,F,46,Ahmedabad,2025-01-12
C04223,Customer_04223,F,23,Pune,2024-12-13
C04224,Customer_04224,F,43,Vijayawada,2024-12-23
C04225,Customer_04225,F,28,Hyderabad,2024-02-25
C04226,Customer_04226,F,41,Kolkata,2024-11-11
C04227,Customer_04227,M,46,Hyderabad,2024-07-03
C04228,Customer_04228,F,20,Kolkata,2024-02-23
C04229,Customer_04229,M,27,Bengaluru,2024-02-06
C04230,Customer_04230,M,18,Ahmedabad,2025-12-23
C04231,Customer_04231,F,60,Bengaluru,2024-09-26
C04232,Customer_04232,F,43,Mumbai,2025-05-22
C04233,Customer_04233,M,29,Mumbai,2024-08-15
C04234,Customer_04234,F,31,Hyderabad,2025-03-03
C04235,Customer_04235,M,42,Chennai,2025-12-23
C04236,Customer_04236,M,25,Chennai,2024-01-01
C04237,Customer_04237,M,60,Vijayawada,2024-01-23
C04238,Customer_04238,F,21,Chennai,2025-05-17
C04239,Customer_04239,F,45,Jaipur,2025-03-23
C04240,Customer_04240,M,24,Pune,2025-05-10
C04241,Customer_04241,F,27,Pune,2025-02-28
C04242,Customer_04242,M,53,Mumbai,2025-11-30
C04243,Customer_04243,F,19,Chennai,2024-01-18
C04244,Customer_04244,M,43,Vijayawada,2025-03-20
C04245,Customer_04245,M,31,Kolkata,2025-07-14
C04246,Customer_04246,F,33,Mumbai,2025-07-12
C04247,Customer_04247,M,60,Bengaluru,2025-09-18
C04248,Customer_04248,M,59,Chennai,2024-02-08
C04249,Customer_04249,F,34,Mumbai,2025-12-29
C04250,Customer_04250,F,39,Chennai,2024-07-28
C04251,Customer_04251,M,21,Jaipur,2024-07-29
C04252,Customer_04252,M,36,Vijayawada,2025-07-18
C04253,Customer_04253,M,19,Hyderabad,2024-10-07
C04254,Customer_04254,F,56,Delhi,2024-05-12
C04255,Customer_04255,M,26,Vijayawada,2025-03-24
C04256,Customer_04256,F,36,Chennai,2024-09-20
C04257,Customer_04257,Other,33,Bengaluru,2024-04-20
C04258,Customer_04258,M,42,Bengaluru,2025-07-08
C04259,Customer_04259,M,35,Hyderabad,2024-08-25
C04260,Customer_04260,M,40,Ahmedabad,2025-04-01
C04261,Customer_04261,M,38,Bengaluru,2025-05-30
C04262,Customer_04262,F,28,Mumbai,2024-06-21
C04263,Customer_04263,M,56,Bengaluru,2024-07-11
C04264,Customer_04264,M,58,Delhi,2025-05-29
C04265,Customer_04265,F,21,Hyderabad,2025-07-21
C04266,Customer_04266,M,42,Mumbai,2025-02-12
C04267,Customer_04267,F,49,Chennai,2025-11-18
C04268,Customer_04268,M,47,Vijayawada,2025-09-19
C04269,Customer_04269,F,43,Hyderabad,2024-03-24
C04270,Customer_04270,F,53,Delhi,2025-11-01
C04271,Customer_04271,F,51,Pune,2024-03-20
C04272,Customer_04272,F,26,Delhi,2025-07-31
C04273,Customer_04273,M,29,Kolkata,2024-07-27
C04274,Customer_04274,M,19,Kolkata,2025-06-05
C04275,Customer_04275,F,55,Pune,2024-07-17
C04276,Customer_04276,F,22,Jaipur,2025-07-24
C04277,Customer_04277,M,22,Bengaluru,2024-08-21
C04278,Customer_04278,M,39,Vijayawada,2024-08-31
C04279,Customer_04279,M,22,Ahmedabad,2025-01-27
C04280,Customer_04280,M,21,Ahmedabad,2025-07-19
C04281,Customer_04281,M,26,Vijayawada,2025-03-21
C04282,Customer_04282,F,46,Delhi,2025-01-27
C04283,Customer_04283,M,39,Pune,2024-01-09
C04284,Customer_04284,M,44,Pune,2025-09-04
C04285,Customer_04285,F,27,Chennai,2025-12-15
C04286,Customer_04286,F,33,Hyderabad,2024-06-01
C04287,Customer_04287,F,59,Mumbai,2024-04-19
C04288,Customer_04288,F,59,Kolkata,2024-09-22
C04289,Customer_04289,M,27,Ahmedabad,2025-01-07
C04290,Customer_04290,F,23,Bengaluru,2024-05-31
C04291,Customer_04291,F,22,Mumbai,2025-08-17
C04292,Customer_04292,M,23,Delhi,2025-02-18
C04293,Customer_04293,F,42,Chennai,2025-10-07
C04294,Customer_04294,F,21,Mumbai,2024-11-21
C04295,Customer_04295,M,57,Chennai,2025-11-02
C04296,Customer_04296,M,49,Ahmedabad,2025-07-04
C04297,Customer_04297,M,52,Ahmedabad,2024-06-24
C04298,Customer_04298,M,27,Bengaluru,2025-06-08
C04299,Customer_04299,M,51,Pune,2024-11-10
C04300,Customer_04300,F,53,Delhi,2024-03-07
C04301,Customer_04301,M,23,Jaipur,2025-07-06
C04302,Customer_04302,F,60,Vijayawada,2024-07-02
C04303,Customer_04303,F,33,Bengaluru,2024-02-04
C04304,Customer_04304,F,36,Ahmedabad,2025-05-19
C04305,Customer_04305,F,51,Hyderabad,2024-03-16
C04306,Customer_04306,M,42,Pune,2025-04-16
C04307,Customer_04307,M,48,Vijayawada,2025-08-04
C04308,Customer_04308,F,58,Hyderabad,2025-06-06
C04309,Customer_04309,F,34,Bengaluru,2024-10-09
C04310,Customer_04310,F,47,Mumbai,2025-06-19
C04311,Customer_04311,M,56,Jaipur,2024-09-30
C04312,Customer_04312,F,48,Chennai,2025-06-22
C04313,Customer_04313,M,36,Vijayawada,2024-02-23
C04314,Customer_04314,F,52,Vijayawada,2024-02-24
C04315,Customer_04315,F,46,Bengaluru,2024-10-03
C04316,Customer_04316,M,18,Vijayawada,2025-03-18
C04317,Customer_04317,F,21,Chennai,2025-02-21
C04318,Customer_04318,M,45,Chennai,2025-09-23
C04319,Customer_04319,M,35,Hyderabad,2024-08-12
C04320,Customer_04320,F,43,Mumbai,2025-07-23
C04321,Customer_04321,F,57,Chennai,2024-09-11
C04322,Customer_04322,F,36,Jaipur,2024-06-24
C04323,Customer_04323,F,23,Vijayawada,2025-07-19
C04324,Customer_04324,M,18,Hyderabad,2024-05-25
C04325,Customer_04325,F,25,Ahmedabad,2025-10-25
C04326,Customer_04326,F,50,Hyderabad,2025-01-19
C04327,Customer_04327,M,60,Jaipur,2024-09-18
C04328,Customer_04328,Other,38,Pune,2025-06-14
C04329,Customer_04329,M,41,Hyderabad,2025-01-05
C04330,Customer_04330,F,42,Ahmedabad,2025-11-13
C04331,Customer_04331,M,60,Chennai,2024-07-15
C04332,Customer_04332,M,36,Kolkata,2025-08-07
C04333,Customer_04333,M,46,Kolkata,2025-08-19
C04334,Customer_04334,F,27,Kolkata,2024-10-10
C04335,Customer_04335,M,29,Pune,2024-10-28
C04336,Customer_04336,M,50,Ahmedabad,2024-05-11
C04337,Customer_04337,F,24,Jaipur,2024-04-29
C04338,Customer_04338,F,34,Bengaluru,2025-12-28
C04339,Customer_04339,M,27,Kolkata,2024-05-15
C04340,Customer_04340,M,48,Bengaluru,2025-09-19
C04341,Customer_04341,M,23,Pune,2025-07-26
C04342,Customer_04342,M,34,Bengaluru,2025-06-12
C04343,Customer_04343,F,54,Vijayawada,2024-02-03
C04344,Customer_04344,F,35,Pune,2025-06-15
C04345,Customer_04345,F,43,Bengaluru,2024-07-26
C04346,Customer_04346,M,33,Hyderabad,2025-11-04
C04347,Customer_04347,F,25,Kolkata,2024-10-25
C04348,Customer_04348,F,41,Mumbai,2025-06-05
C04349,Customer_04349,F,30,Delhi,2024-04-03
C04350,Customer_04350,F,46,Pune,2025-02-17
C04351,Customer_04351,F,49,Chennai,2025-01-05
C04352,Customer_04352,F,41,Delhi,2025-02-12
C04353,Customer_04353,M,33,Jaipur,2025-01-17
C04354,Customer_04354,F,28,Pune,2025-03-16
C04355,Customer_04355,F,49,Pune,2025-03-22
C04356,Customer_04356,F,23,Bengaluru,2025-09-10
C04357,Customer_04357,M,52,Pune,2025-09-08
C04358,Customer_04358,F,50,Kolkata,2024-03-11
C04359,Customer_04359,F,35,Ahmedabad,2024-03-24
C04360,Customer_04360,M,54,Ahmedabad,2024-07-27
C04361,Customer_04361,M,30,Jaipur,2024-09-15
C04362,Customer_04362,F,27,Vijayawada,2024-08-26
C04363,Customer_04363,F,54,Mumbai,2024-10-28
C04364,Customer_04364,F,43,Vijayawada,2024-08-19
C04365,Customer_04365,M,34,Kolkata,2024-10-08
C04366,Customer_04366,F,18,Kolkata,2025-01-28
C04367,Customer_04367,M,42,Hyderabad,2025-02-21
C04368,Customer_04368,M,51,Ahmedabad,2024-07-24
C04369,Customer_04369,M,56,Delhi,2024-09-20
C04370,Customer_04370,M,27,Chennai,2024-11-06
C04371,Customer_04371,M,37,Pune,2025-11-27
C04372,Customer_04372,M,24,Mumbai,2025-09-17
C04373,Customer_04373,M,33,Chennai,2024-03-19
C04374,Customer_04374,M,54,Vijayawada,2024-12-07
C04375,Customer_04375,F,46,Chennai,2025-07-15
C04376,Customer_04376,M,29,Hyderabad,2024-04-04
C04377,Customer_04377,M,34,Mumbai,2024-12-16
C04378,Customer_04378,F,37,Mumbai,2024-03-02
C04379,Customer_04379,M,43,Hyderabad,2024-05-21
C04380,Customer_04380,F,36,Kolkata,2024-04-20
C04381,Customer_04381,M,29,Hyderabad,2025-09-07
C04382,Customer_04382,M,38,Kolkata,2025-06-10
C04383,Customer_04383,F,59,Delhi,2025-11-01
C04384,Customer_04384,F,51,Jaipur,2024-06-05
C04385,Customer_04385,F,24,Kolkata,2025-06-22
C04386,Customer_04386,F,52,Chennai,2025-08-19
C04387,Customer_04387,F,32,Kolkata,2024-01-09
C04388,Customer_04388,M,18,Jaipur,2024-10-02
C04389,Customer_04389,M,43,Vijayawada,2024-08-14
C04390,Customer_04390,M,52,Pune,2024-07-04
C04391,Customer_04391,M,42,Hyderabad,2025-08-13
C04392,Customer_04392,F,59,Pune,2024-08-03
C04393,Customer_04393,F,32,Hyderabad,2025-03-08
C04394,Customer_04394,M,39,Delhi,2025-07-22
C04395,Customer_04395,F,23,Ahmedabad,2025-10-17
C04396,Customer_04396,F,32,Chennai,2024-12-21
C04397,Customer_04397,M,41,Chennai,2025-01-26
C04398,Customer_04398,M,38,Vijayawada,2025-08-01
C04399,Customer_04399,M,24,Ahmedabad,2024-10-01
C04400,Customer_04400,M,46,Ahmedabad,2025-05-08
C04401,Customer_04401,M,49,Hyderabad,2025-09-08
C04402,Customer_04402,F,49,Chennai,2025-03-26
C04403,Customer_04403,M,22,Chennai,2025-02-23
C04404,Customer_04404,M,21,Ahmedabad,2025-11-30
C04405,Customer_04405,Other,39,Hyderabad,2024-06-12
C04406,Customer_04406,F,35,Kolkata,2025-07-16
C04407,Customer_04407,F,52,Kolkata,2025-09-29
C04408,Customer_04408,M,34,Jaipur,2025-08-14
C04409,Customer_04409,M,41,Bengaluru,2024-07-01
C04410,Customer_04410,F,19,Mumbai,2024-11-05
C04411,Customer_04411,M,30,Delhi,2024-01-17
C04412,Customer_04412,M,32,Hyderabad,2025-03-21
C04413,Customer_04413,F,22,Kolkata,2024-06-18
C04414,Customer_04414,F,20,Vijayawada,2024-10-06
C04415,Customer_04415,M,54,Mumbai,2024-12-05
C04416,Customer_04416,M,54,Mumbai,2025-12-26
C04417,Customer_04417,M,54,Mumbai,2025-12-10
C04418,Customer_04418,M,20,Ahmedabad,2025-06-02
C04419,Customer_04419,M,52,Jaipur,2024-01-11
C04420,Customer_04420,M,40,Vijayawada,2025-06-07
C04421,Customer_04421,M,45,Bengaluru,2025-09-13
C04422,Customer_04422,F,47,Vijayawada,2024-05-12
C04423,Customer_04423,F,35,Vijayawada,2025-10-01
C04424,Customer_04424,F,53,Hyderabad,2024-05-27
C04425,Customer_04425,M,50,Jaipur,2025-07-19
C04426,Customer_04426,M,43,Pune,2024-03-19
C04427,Customer_04427,M,57,Jaipur,2024-12-11
C04428,Customer_04428,M,34,Pune,2025-08-31
C04429,Customer_04429,M,57,Bengaluru,2024-09-05
C04430,Customer_04430,F,24,Hyderabad,2025-09-30
C04431,Customer_04431,F,25,Ahmedabad,2025-06-25
C04432,Customer_04432,F,48,Mumbai,2024-01-24
C04433,Customer_04433,M,29,Hyderabad,2025-04-15
C04434,Customer_04434,F,48,Ahmedabad,2024-07-19
C04435,Customer_04435,M,36,Hyderabad,2024-05-10
C04436,Customer_04436,M,27,Ahmedabad,2025-09-25
C04437,Customer_04437,M,56,Hyderabad,2024-12-21
C04438,Customer_04438,F,29,Jaipur,2024-05-29
C04439,Customer_04439,Other,37,Jaipur,2025-06-09
C04440,Customer_04440,M,54,Jaipur,2024-10-30
C04441,Customer_04441,F,58,Mumbai,2025-06-24
C04442,Customer_04442,F,24,Delhi,2024-02-19
C04443,Customer_04443,M,31,Chennai,2025-04-08
C04444,Customer_04444,M,28,Pune,2024-08-27
C04445,Customer_04445,M,24,Jaipur,2025-04-26
C04446,Customer_04446,F,46,Delhi,2025-03-30
C04447,Customer_04447,M,27,Pune,2024-10-09
C04448,Customer_04448,F,46,Hyderabad,2024-11-30
C04449,Customer_04449,M,26,Bengaluru,2024-12-17
C04450,Customer_04450,F,53,Ahmedabad,2025-10-29
C04451,Customer_04451,M,27,Delhi,2025-10-10
C04452,Customer_04452,F,36,Vijayawada,2024-11-22
C04453,Customer_04453,F,48,Kolkata,2024-12-01
C04454,Customer_04454,F,34,Delhi,2025-10-27
C04455,Customer_04455,F,26,Jaipur,2024-03-21
C04456,Customer_04456,M,50,Jaipur,2024-03-27
C04457,Customer_04457,F,51,Delhi,2024-09-14
C04458,Customer_04458,M,41,Ahmedabad,2024-07-03
C04459,Customer_04459,M,26,Pune,2025-11-22
C04460,Customer_04460,F,24,Hyderabad,2025-11-28
C04461,Customer_04461,M,33,Kolkata,2024-05-02
C04462,Customer_04462,F,36,Hyderabad,2024-04-05
C04463,Customer_04463,Other,56,Mumbai,2025-08-27
C04464,Customer_04464,M,23,Ahmedabad,2025-05-29
C04465,Customer_04465,F,28,Jaipur,2025-03-18
C04466,Customer_04466,M,29,Mumbai,2025-05-28
C04467,Customer_04467,M,59,Hyderabad,2025-01-05
C04468,Customer_04468,M,30,Hyderabad,2024-10-31
C04469,Customer_04469,F,29,Kolkata,2024-12-22
C04470,Customer_04470,F,38,Chennai,2024-05-27
C04471,Customer_04471,F,27,Hyderabad,2024-10-11
C04472,Customer_04472,Other,37,Pune,2025-10-18
C04473,Customer_04473,M,53,Pune,2024-09-18
C04474,Customer_04474,M,45,Delhi,2025-07-27
C04475,Customer_04475,F,41,Kolkata,2025-05-05
C04476,Customer_04476,M,22,Kolkata,2024-01-31
C04477,Customer_04477,M,54,Jaipur,2025-12-02
C04478,Customer_04478,M,29,Hyderabad,2024-09-24
C04479,Customer_04479,F,52,Chennai,2024-01-12
C04480,Customer_04480,F,57,Vijayawada,2024-07-09
C04481,Customer_04481,M,19,Mumbai,2025-02-03
C04482,Customer_04482,M,58,Kolkata,2025-06-20
C04483,Customer_04483,F,56,Delhi,2024-03-31
C04484,Customer_04484,F,59,Delhi,2025-08-22
C04485,Customer_04485,M,26,Hyderabad,2025-05-15
C04486,Customer_04486,F,39,Hyderabad,2024-10-27
C04487,Customer_04487,M,22,Vijayawada,2024-04-20
C04488,Customer_04488,M,29,Bengaluru,2024-03-20
C04489,Customer_04489,F,18,Bengaluru,2025-10-13
C04490,Customer_04490,F,39,Hyderabad,2025-03-08
C04491,Customer_04491,M,55,Ahmedabad,2025-02-20
C04492,Customer_04492,F,36,Pune,2024-08-01
C04493,Customer_04493,F,33,Pune,2025-03-22
C04494,Customer_04494,F,48,Vijayawada,2024-01-18
C04495,Customer_04495,F,20,Vijayawada,2024-02-23
C04496,Customer_04496,F,40,Jaipur,2025-08-31
C04497,Customer_04497,M,59,Chennai,2024-08-27
C04498,Customer_04498,M,35,Delhi,2025-02-21
C04499,Customer_04499,M,43,Pune,2025-04-30
C04500,Customer_04500,M,30,Ahmedabad,2025-03-19
C04501,Customer_04501,F,35,Hyderabad,2025-07-19
C04502,Customer_04502,F,20,Kolkata,2025-08-21
C04503,Customer_04503,M,40,Ahmedabad,2024-05-02
C04504,Customer_04504,M,20,Jaipur,2025-02-23
C04505,Customer_04505,F,42,Ahmedabad,2025-07-19
C04506,Customer_04506,M,44,Kolkata,2024-08-03
C04507,Customer_04507,F,44,Mumbai,2025-02-23
C04508,Customer_04508,M,56,Bengaluru,2025-12-09
C04509,Customer_04509,F,42,Mumbai,2025-07-04
C04510,Customer_04510,F,41,Delhi,2024-08-15
C04511,Customer_04511,M,25,Delhi,2024-08-24
C04512,Customer_04512,M,26,Pune,2025-10-05
C04513,Customer_04513,M,54,Kolkata,2024-11-25
C04514,Customer_04514,F,47,Delhi,2025-04-13
C04515,Customer_04515,F,36,Vijayawada,2025-11-10
C04516,Customer_04516,M,33,Pune,2025-05-01
C04517,Customer_04517,F,41,Jaipur,2025-07-02
C04518,Customer_04518,F,38,Pune,2025-08-01
C04519,Customer_04519,M,53,Mumbai,2025-09-14
C04520,Customer_04520,M,57,Hyderabad,2025-02-18
C04521,Customer_04521,F,56,Vijayawada,2024-08-06
C04522,Customer_04522,F,23,Vijayawada,2025-12-21
C04523,Customer_04523,F,22,Chennai,2025-01-15
C04524,Customer_04524,F,31,Vijayawada,2024-03-27
C04525,Customer_04525,F,59,Vijayawada,2025-04-05
C04526,Customer_04526,M,21,Mumbai,2025-02-14
C04527,Customer_04527,F,25,Ahmedabad,2025-11-21
C04528,Customer_04528,F,41,Vijayawada,2025-06-08
C04529,Customer_04529,F,28,Hyderabad,2025-03-22
C04530,Customer_04530,M,34,Bengaluru,2024-10-26
C04531,Customer_04531,M,38,Mumbai,2025-02-11
C04532,Customer_04532,M,43,Mumbai,2025-09-28
C04533,Customer_04533,M,60,Ahmedabad,2025-01-09
C04534,Customer_04534,M,44,Chennai,2024-08-20
C04535,Customer_04535,F,33,Ahmedabad,2025-09-29
C04536,Customer_04536,F,43,Pune,2025-10-11
C04537,Customer_04537,M,50,Bengaluru,2024-02-18
C04538,Customer_04538,F,48,Delhi,2024-07-04
C04539,Customer_04539,M,23,Jaipur,2024-07-23
C04540,Customer_04540,M,25,Delhi,2024-03-18
C04541,Customer_04541,M,24,Chennai,2025-04-25
C04542,Customer_04542,F,51,Chennai,2025-01-20
C04543,Customer_04543,M,31,Vijayawada,2024-07-12
C04544,Customer_04544,M,33,Ahmedabad,2024-04-12
C04545,Customer_04545,M,60,Pune,2025-09-08
C04546,Customer_04546,F,26,Vijayawada,2025-01-10
C04547,Customer_04547,M,27,Kolkata,2024-10-13
C04548,Customer_04548,F,34,Pune,2025-04-26
C04549,Customer_04549,F,29,Chennai,2025-12-23
C04550,Customer_04550,F,23,Chennai,2024-09-06
C04551,Customer_04551,F,36,Mumbai,2024-07-19
C04552,Customer_04552,M,60,Kolkata,2025-06-19
C04553,Customer_04553,M,58,Vijayawada,2025-04-05
C04554,Customer_04554,F,46,Chennai,2024-10-26
C04555,Customer_04555,M,23,Kolkata,2025-04-22
C04556,Customer_04556,F,42,Bengaluru,2024-03-23
C04557,Customer_04557,F,41,Jaipur,2025-04-02
C04558,Customer_04558,F,42,Ahmedabad,2025-11-21
C04559,Customer_04559,F,33,Chennai,2024-10-24
C04560,Customer_04560,Other,33,Bengaluru,2024-12-29
C04561,Customer_04561,F,23,Pune,2025-12-18
C04562,Customer_04562,M,54,Ahmedabad,2024-02-09
C04563,Customer_04563,F,38,Kolkata,2025-09-16
C04564,Customer_04564,M,21,Ahmedabad,2024-12-05
C04565,Customer_04565,M,51,Delhi,2025-05-30
C04566,Customer_04566,F,45,Mumbai,2024-04-17
C04567,Customer_04567,M,55,Kolkata,2024-11-11
C04568,Customer_04568,M,58,Bengaluru,2024-04-23
C04569,Customer_04569,M,45,Chennai,2024-06-15
C04570,Customer_04570,F,34,Kolkata,2024-09-17
C04571,Customer_04571,F,31,Hyderabad,2025-09-09
C04572,Customer_04572,F,24,Delhi,2024-08-11
C04573,Customer_04573,M,39,Bengaluru,2024-09-18
C04574,Customer_04574,F,18,Pune,2024-09-07
C04575,Customer_04575,F,46,Hyderabad,2025-06-09
C04576,Customer_04576,M,48,Kolkata,2025-12-10
C04577,Customer_04577,M,47,Mumbai,2024-05-05
C04578,Customer_04578,M,32,Hyderabad,2024-07-24
C04579,Customer_04579,F,35,Ahmedabad,2024-05-19
C04580,Customer_04580,F,52,Kolkata,2024-03-02
C04581,Customer_04581,F,47,Bengaluru,2024-10-09
C04582,Customer_04582,M,51,Kolkata,2024-02-23
C04583,Customer_04583,F,59,Mumbai,2024-12-11
C04584,Customer_04584,F,28,Jaipur,2025-06-07
C04585,Customer_04585,F,44,Ahmedabad,2024-05-15
C04586,Customer_04586,F,41,Chennai,2024-11-25
C04587,Customer_04587,M,52,Kolkata,2024-05-23
C04588,Customer_04588,M,56,Mumbai,2025-03-11
C04589,Customer_04589,F,25,Hyderabad,2024-10-08
C04590,Customer_04590,F,35,Hyderabad,2024-05-15
C04591,Customer_04591,F,30,Bengaluru,2025-05-03
C04592,Customer_04592,M,41,Ahmedabad,2025-12-21
C04593,Customer_04593,F,40,Hyderabad,2025-02-04
C04594,Customer_04594,M,29,Chennai,2025-03-24
C04595,Customer_04595,M,47,Jaipur,2025-09-26
C04596,Customer_04596,F,48,Jaipur,2025-09-19
C04597,Customer_04597,F,45,Bengaluru,2025-10-30
C04598,Customer_04598,M,39,Kolkata,2024-09-26
C04599,Customer_04599,M,45,Hyderabad,2024-01-17
C04600,Customer_04600,M,30,Mumbai,2024-09-25
C04601,Customer_04601,M,42,Pune,2025-04-26
C04602,Customer_04602,F,24,Jaipur,2024-08-06
C04603,Customer_04603,F,23,Vijayawada,2024-11-14
C04604,Customer_04604,M,41,Bengaluru,2024-08-25
C04605,Customer_04605,F,36,Kolkata,2025-06-28
C04606,Customer_04606,F,36,Delhi,2024-10-11
C04607,Customer_04607,F,53,Bengaluru,2024-02-06
C04608,Customer_04608,M,26,Mumbai,2024-04-12
C04609,Customer_04609,F,53,Pune,2025-12-23
C04610,Customer_04610,M,55,Vijayawada,2025-03-05
C04611,Customer_04611,M,57,Jaipur,2025-10-15
C04612,Customer_04612,M,46,Ahmedabad,2024-08-26
C04613,Customer_04613,M,41,Vijayawada,2025-10-06
C04614,Customer_04614,M,22,Jaipur,2024-05-04
C04615,Customer_04615,M,59,Delhi,2025-07-18
C04616,Customer_04616,M,43,Delhi,2025-08-22
C04617,Customer_04617,F,31,Jaipur,2025-09-01
C04618,Customer_04618,F,56,Ahmedabad,2025-08-29
C04619,Customer_04619,M,46,Bengaluru,2024-07-06
C04620,Customer_04620,F,23,Ahmedabad,2024-09-12
C04621,Customer_04621,F,24,Hyderabad,2025-08-07
C04622,Customer_04622,F,54,Jaipur,2025-06-13
C04623,Customer_04623,M,35,Jaipur,2025-11-06
C04624,Customer_04624,F,40,Ahmedabad,2025-01-26
C04625,Customer_04625,F,55,Chennai,2025-10-19
C04626,Customer_04626,F,18,Chennai,2025-04-12
C04627,Customer_04627,M,21,Mumbai,2024-09-09
C04628,Customer_04628,F,52,Chennai,2025-11-02
C04629,Customer_04629,F,40,Delhi,2025-07-14
C04630,Customer_04630,F,44,Hyderabad,2024-06-24
C04631,Customer_04631,M,43,Jaipur,2025-04-10
C04632,Customer_04632,M,25,Vijayawada,2025-07-30
C04633,Customer_04633,F,60,Delhi,2024-10-15
C04634,Customer_04634,F,33,Mumbai,2024-02-19
C04635,Customer_04635,M,58,Pune,2024-01-04
C04636,Customer_04636,F,20,Hyderabad,2025-09-22
C04637,Customer_04637,M,49,Chennai,2025-05-14
C04638,Customer_04638,F,22,Kolkata,2025-11-06
C04639,Customer_04639,F,37,Bengaluru,2024-08-10
C04640,Customer_04640,F,31,Vijayawada,2025-10-29
C04641,Customer_04641,F,49,Jaipur,2024-09-18
C04642,Customer_04642,M,43,Pune,2025-11-15
C04643,Customer_04643,F,23,Bengaluru,2025-06-18
C04644,Customer_04644,M,53,Ahmedabad,2025-01-10
C04645,Customer_04645,F,57,Ahmedabad,2024-03-01
C04646,Customer_04646,F,22,Hyderabad,2024-12-21
C04647,Customer_04647,F,30,Hyderabad,2025-10-07
C04648,Customer_04648,M,49,Hyderabad,2024-01-24
C04649,Customer_04649,F,33,Delhi,2024-10-19
C04650,Customer_04650,M,18,Delhi,2025-07-10
C04651,Customer_04651,M,30,Ahmedabad,2025-11-21
C04652,Customer_04652,F,28,Hyderabad,2024-12-21
C04653,Customer_04653,M,25,Vijayawada,2025-07-28
C04654,Customer_04654,F,42,Mumbai,2024-01-29
C04655,Customer_04655,M,57,Hyderabad,2024-12-22
C04656,Customer_04656,M,49,Jaipur,2024-12-30
C04657,Customer_04657,F,41,Vijayawada,2025-08-30
C04658,Customer_04658,F,45,Jaipur,2025-02-12
C04659,Customer_04659,M,31,Kolkata,2024-09-22
C04660,Customer_04660,F,20,Ahmedabad,2024-10-17
C04661,Customer_04661,F,53,Hyderabad,2025-07-20
C04662,Customer_04662,F,44,Chennai,2024-06-01
C04663,Customer_04663,M,37,Bengaluru,2024-08-06
C04664,Customer_04664,F,32,Hyderabad,2024-06-21
C04665,Customer_04665,F,44,Mumbai,2025-08-30
C04666,Customer_04666,F,58,Kolkata,2025-09-26
C04667,Customer_04667,M,45,Hyderabad,2024-01-12
C04668,Customer_04668,F,42,Bengaluru,2025-05-30
C04669,Customer_04669,F,59,Bengaluru,2024-12-27
C04670,Customer_04670,F,50,Delhi,2025-08-01
C04671,Customer_04671,M,31,Mumbai,2025-10-18
C04672,Customer_04672,F,25,Mumbai,2025-04-21
C04673,Customer_04673,F,31,Vijayawada,2025-07-30
C04674,Customer_04674,M,18,Chennai,2024-03-22
C04675,Customer_04675,M,33,Mumbai,2025-09-08
C04676,Customer_04676,F,35,Kolkata,2025-11-23
C04677,Customer_04677,M,24,Chennai,2024-12-05
C04678,Customer_04678,F,32,Delhi,2025-03-16
C04679,Customer_04679,F,41,Mumbai,2025-09-08
C04680,Customer_04680,F,30,Delhi,2024-08-13
C04681,Customer_04681,M,26,Bengaluru,2025-01-05
C04682,Customer_04682,M,32,Hyderabad,2024-01-28
C04683,Customer_04683,F,52,Mumbai,2024-01-16
C04684,Customer_04684,M,41,Bengaluru,2024-10-03
C04685,Customer_04685,F,50,Hyderabad,2024-11-28
C04686,Customer_04686,M,33,Hyderabad,2025-04-27
C04687,Customer_04687,M,25,Bengaluru,2025-07-19
C04688,Customer_04688,M,46,Jaipur,2024-10-14
C04689,Customer_04689,F,40,Chennai,2024-04-23
C04690,Customer_04690,F,48,Jaipur,2024-02-07
C04691,Customer_04691,M,57,Ahmedabad,2025-03-29
C04692,Customer_04692,M,31,Pune,2024-06-14
C04693,Customer_04693,M,47,Hyderabad,2025-11-24
C04694,Customer_04694,F,56,Vijayawada,2024-07-23
C04695,Customer_04695,M,44,Chennai,2024-09-01
C04696,Customer_04696,F,33,Hyderabad,2024-11-28
C04697,Customer_04697,F,23,Kolkata,2025-01-30
C04698,Customer_04698,F,50,Vijayawada,2025-05-21
C04699,Customer_04699,M,35,Ahmedabad,2024-04-30
C04700,Customer_04700,Other,33,Ahmedabad,2024-09-15
C04701,Customer_04701,M,29,Kolkata,2025-12-22
C04702,Customer_04702,M,37,Bengaluru,2025-02-13
C04703,Customer_04703,F,57,Chennai,2024-11-05
C04704,Customer_04704,F,46,Delhi,2025-12-06
C04705,Customer_04705,M,47,Chennai,2024-03-08
C04706,Customer_04706,M,43,Vijayawada,2024-04-23
C04707,Customer_04707,F,39,Jaipur,2024-08-07
C04708,Customer_04708,M,50,Delhi,2024-08-07
C04709,Customer_04709,F,56,Ahmedabad,2025-04-17
C04710,Customer_04710,F,46,Ahmedabad,2025-12-30
C04711,Customer_04711,M,39,Bengaluru,2025-01-20
C04712,Customer_04712,M,30,Pune,2024-10-24
C04713,Customer_04713,M,26,Chennai,2025-08-28
C04714,Customer_04714,F,41,Bengaluru,2024-09-09
C04715,Customer_04715,F,32,Vijayawada,2025-02-08
C04716,Customer_04716,M,53,Delhi,2025-05-06
C04717,Customer_04717,F,30,Kolkata,2024-12-22
C04718,Customer_04718,Other,44,Hyderabad,2025-03-03
C04719,Customer_04719,M,54,Jaipur,2024-08-02
C04720,Customer_04720,F,24,Vijayawada,2025-01-14
C04721,Customer_04721,M,25,Hyderabad,2024-08-01
C04722,Customer_04722,M,54,Chennai,2024-04-07
C04723,Customer_04723,M,58,Kolkata,2025-06-11
C04724,Customer_04724,M,31,Ahmedabad,2025-10-27
C04725,Customer_04725,M,29,Bengaluru,2025-06-11
C04726,Customer_04726,M,53,Delhi,2025-12-10
C04727,Customer_04727,F,57,Bengaluru,2025-09-11
C04728,Customer_04728,F,34,Delhi,2025-06-18
C04729,Customer_04729,F,57,Pune,2025-07-07
C04730,Customer_04730,M,46,Pune,2025-07-02
C04731,Customer_04731,M,44,Bengaluru,2024-11-23
C04732,Customer_04732,M,18,Delhi,2024-06-13
C04733,Customer_04733,F,51,Delhi,2024-04-25
C04734,Customer_04734,F,21,Hyderabad,2024-05-29
C04735,Customer_04735,M,41,Bengaluru,2025-06-01
C04736,Customer_04736,M,38,Mumbai,2024-02-01
C04737,Customer_04737,F,50,Chennai,2025-10-18
C04738,Customer_04738,M,24,Ahmedabad,2024-10-19
C04739,Customer_04739,M,18,Pune,2025-11-19
C04740,Customer_04740,F,58,Mumbai,2024-06-25
C04741,Customer_04741,F,20,Pune,2024-03-01
C04742,Customer_04742,M,32,Kolkata,2025-08-11
C04743,Customer_04743,M,48,Pune,2025-02-19
C04744,Customer_04744,Other,33,Vijayawada,2025-01-17
C04745,Customer_04745,M,27,Pune,2025-08-20
C04746,Customer_04746,M,46,Hyderabad,2025-12-03
C04747,Customer_04747,M,23,Mumbai,2024-01-07
C04748,Customer_04748,M,46,Kolkata,2024-03-25
C04749,Customer_04749,M,34,Delhi,2025-02-01
C04750,Customer_04750,F,39,Delhi,2025-01-27
C04751,Customer_04751,M,41,Kolkata,2024-02-16
C04752,Customer_04752,M,34,Jaipur,2024-12-06
C04753,Customer_04753,F,38,Bengaluru,2025-05-12
C04754,Customer_04754,F,28,Jaipur,2025-08-28
C04755,Customer_04755,F,24,Mumbai,2025-04-22
C04756,Customer_04756,F,59,Pune,2025-03-01
C04757,Customer_04757,M,56,Delhi,2025-03-01
C04758,Customer_04758,F,22,Hyderabad,2025-05-29
C04759,Customer_04759,M,38,Jaipur,2024-05-08
C04760,Customer_04760,Other,35,Pune,2024-09-05
C04761,Customer_04761,M,52,Ahmedabad,2024-05-10
C04762,Customer_04762,Other,37,Bengaluru,2025-11-19
C04763,Customer_04763,F,32,Kolkata,2024-11-18
C04764,Customer_04764,M,22,Pune,2025-06-26
C04765,Customer_04765,F,30,Bengaluru,2024-03-06
C04766,Customer_04766,Other,29,Bengaluru,2025-12-18
C04767,Customer_04767,F,38,Delhi,2024-04-10
C04768,Customer_04768,M,54,Delhi,2024-01-31
C04769,Customer_04769,F,23,Mumbai,2024-07-09
C04770,Customer_04770,M,24,Ahmedabad,2025-07-31
C04771,Customer_04771,M,43,Kolkata,2025-02-18
C04772,Customer_04772,M,59,Bengaluru,2025-12-14
C04773,Customer_04773,M,25,Mumbai,2025-05-14
C04774,Customer_04774,F,26,Vijayawada,2025-08-17
C04775,Customer_04775,M,44,Jaipur,2024-02-15
C04776,Customer_04776,F,21,Chennai,2024-03-29
C04777,Customer_04777,M,38,Bengaluru,2025-11-28
C04778,Customer_04778,M,48,Mumbai,2025-01-09
C04779,Customer_04779,M,38,Ahmedabad,2025-12-01
C04780,Customer_04780,M,57,Delhi,2024-09-02
C04781,Customer_04781,M,42,Bengaluru,2025-07-11
C04782,Customer_04782,M,56,Bengaluru,2024-09-13
C04783,Customer_04783,F,32,Pune,2024-12-17
C04784,Customer_04784,M,52,Ahmedabad,2025-07-26
C04785,Customer_04785,M,60,Kolkata,2024-04-14
C04786,Customer_04786,M,58,Delhi,2024-12-02
C04787,Customer_04787,F,54,Bengaluru,2025-06-09
C04788,Customer_04788,F,59,Jaipur,2024-10-27
C04789,Customer_04789,F,45,Delhi,2024-03-17
C04790,Customer_04790,M,31,Jaipur,2025-05-25
C04791,Customer_04791,M,21,Chennai,2024-08-17
C04792,Customer_04792,F,37,Kolkata,2025-11-09
C04793,Customer_04793,M,51,Chennai,2025-07-31
C04794,Customer_04794,M,29,Bengaluru,2024-02-01
C04795,Customer_04795,M,50,Pune,2025-08-30
C04796,Customer_04796,M,41,Kolkata,2024-02-27
C04797,Customer_04797,M,37,Pune,2024-04-13
C04798,Customer_04798,F,22,Mumbai,2024-11-07
C04799,Customer_04799,M,55,Vijayawada,2025-10-07
C04800,Customer_04800,F,47,Ahmedabad,2025-12-29
C04801,Customer_04801,M,41,Mumbai,2024-03-07
C04802,Customer_04802,M,60,Chennai,2025-11-20
C04803,Customer_04803,F,57,Jaipur,2025-01-08
C04804,Customer_04804,M,24,Chennai,2024-08-22
C04805,Customer_04805,F,53,Kolkata,2025-10-04
C04806,Customer_04806,F,55,Kolkata,2024-04-21
C04807,Customer_04807,M,33,Chennai,2025-01-23
C04808,Customer_04808,F,32,Bengaluru,2025-02-11
C04809,Customer_04809,M,40,Chennai,2024-02-23
C04810,Customer_04810,F,29,Kolkata,2024-08-26
C04811,Customer_04811,M,46,Kolkata,2024-10-21
C04812,Customer_04812,F,32,Delhi,2024-04-21
C04813,Customer_04813,M,46,Hyderabad,2024-03-28
C04814,Customer_04814,F,60,Pune,2025-04-20
C04815,Customer_04815,F,38,Mumbai,2024-10-30
C04816,Customer_04816,F,32,Chennai,2024-10-31
C04817,Customer_04817,F,31,Delhi,2024-10-16
C04818,Customer_04818,F,59,Bengaluru,2024-07-26
C04819,Customer_04819,F,33,Kolkata,2025-08-04
C04820,Customer_04820,M,32,Chennai,2025-01-04
C04821,Customer_04821,M,59,Kolkata,2024-08-07
C04822,Customer_04822,M,21,Jaipur,2024-08-18
C04823,Customer_04823,M,44,Delhi,2024-12-14
C04824,Customer_04824,M,40,Chennai,2024-09-11
C04825,Customer_04825,F,46,Jaipur,2025-03-27
C04826,Customer_04826,M,58,Vijayawada,2024-05-21
C04827,Customer_04827,F,26,Delhi,2024-03-09
C04828,Customer_04828,M,60,Chennai,2024-03-29
C04829,Customer_04829,M,60,Chennai,2024-05-15
C04830,Customer_04830,F,24,Ahmedabad,2025-10-16
C04831,Customer_04831,F,59,Delhi,2025-11-29
C04832,Customer_04832,F,21,Delhi,2025-06-06
C04833,Customer_04833,F,22,Kolkata,2025-10-21
C04834,Customer_04834,M,22,Chennai,2025-03-17
C04835,Customer_04835,F,28,Pune,2024-02-07
C04836,Customer_04836,M,58,Pune,2024-07-26
C04837,Customer_04837,M,45,Pune,2024-07-28
C04838,Customer_04838,M,33,Vijayawada,2025-05-27
C04839,Customer_04839,M,58,Chennai,2024-12-25
C04840,Customer_04840,M,47,Chennai,2025-07-30
C04841,Customer_04841,F,21,Jaipur,2024-01-01
C04842,Customer_04842,F,19,Ahmedabad,2025-01-15
C04843,Customer_04843,M,20,Delhi,2025-06-20
C04844,Customer_04844,M,38,Kolkata,2025-01-28
C04845,Customer_04845,M,23,Ahmedabad,2024-02-19
C04846,Customer_04846,M,60,Jaipur,2025-01-30
C04847,Customer_04847,F,35,Chennai,2024-02-01
C04848,Customer_04848,M,22,Mumbai,2025-06-28
C04849,Customer_04849,F,26,Delhi,2025-12-12
C04850,Customer_04850,M,37,Vijayawada,2024-08-21
C04851,Customer_04851,Other,45,Pune,2024-01-26
C04852,Customer_04852,M,43,Vijayawada,2025-07-07
C04853,Customer_04853,F,35,Chennai,2025-03-09
C04854,Customer_04854,M,36,Jaipur,2024-03-01
C04855,Customer_04855,F,20,Mumbai,2025-07-06
C04856,Customer_04856,M,26,Bengaluru,2025-03-16
C04857,Customer_04857,M,53,Pune,2024-05-09
C04858,Customer_04858,F,48,Kolkata,2024-12-19
C04859,Customer_04859,F,34,Chennai,2024-07-16
C04860,Customer_04860,F,40,Hyderabad,2025-10-24
C04861,Customer_04861,F,51,Mumbai,2025-12-16
C04862,Customer_04862,F,58,Mumbai,2025-11-24
C04863,Customer_04863,M,58,Delhi,2025-01-05
C04864,Customer_04864,M,22,Vijayawada,2025-12-19
C04865,Customer_04865,M,32,Pune,2024-05-26
C04866,Customer_04866,F,20,Chennai,2025-12-16
C04867,Customer_04867,M,36,Hyderabad,2025-05-12
C04868,Customer_04868,M,45,Pune,2024-02-17
C04869,Customer_04869,F,20,Jaipur,2025-10-12
C04870,Customer_04870,F,55,Hyderabad,2024-06-20
C04871,Customer_04871,M,21,Ahmedabad,2025-09-04
C04872,Customer_04872,M,41,Ahmedabad,2025-11-29
C04873,Customer_04873,M,48,Mumbai,2024-11-10
C04874,Customer_04874,M,28,Jaipur,2025-01-10
C04875,Customer_04875,M,54,Ahmedabad,2025-06-16
C04876,Customer_04876,F,18,Mumbai,2025-02-23
C04877,Customer_04877,F,26,Vijayawada,2025-01-30
C04878,Customer_04878,F,34,Chennai,2025-06-05
C04879,Customer_04879,M,18,Mumbai,2024-07-05
C04880,Customer_04880,F,20,Chennai,2025-10-06
C04881,Customer_04881,M,43,Jaipur,2024-02-02
C04882,Customer_04882,M,48,Delhi,2024-03-09
C04883,Customer_04883,F,43,Pune,2025-08-14
C04884,Customer_04884,M,40,Mumbai,2024-07-09
C04885,Customer_04885,M,47,Mumbai,2024-04-10
C04886,Customer_04886,F,27,Chennai,2025-04-29
C04887,Customer_04887,M,25,Ahmedabad,2024-10-11
C04888,Customer_04888,F,42,Ahmedabad,2025-01-24
C04889,Customer_04889,M,39,Mumbai,2025-07-18
C04890,Customer_04890,F,32,Ahmedabad,2024-06-08
C04891,Customer_04891,M,58,Ahmedabad,2025-07-07
C04892,Customer_04892,M,27,Mumbai,2024-02-16
C04893,Customer_04893,F,37,Vijayawada,2024-06-07
C04894,Customer_04894,M,58,Vijayawada,2025-03-21
C04895,Customer_04895,M,40,Bengaluru,2025-11-26
C04896,Customer_04896,M,18,Vijayawada,2025-06-06
C04897,Customer_04897,M,19,Bengaluru,2025-10-27
C04898,Customer_04898,M,36,Jaipur,2024-06-03
C04899,Customer_04899,M,31,Kolkata,2024-12-04
C04900,Customer_04900,F,25,Pune,2024-12-30
C04901,Customer_04901,M,55,Kolkata,2025-11-29
C04902,Customer_04902,M,29,Ahmedabad,2025-07-27
C04903,Customer_04903,M,43,Hyderabad,2024-05-27
C04904,Customer_04904,M,44,Ahmedabad,2024-05-23
C04905,Customer_04905,F,46,Mumbai,2024-04-12
C04906,Customer_04906,M,32,Mumbai,2024-04-02
C04907,Customer_04907,F,18,Pune,2024-10-12
C04908,Customer_04908,M,60,Delhi,2025-02-27
C04909,Customer_04909,F,45,Delhi,2024-04-28
C04910,Customer_04910,F,20,Delhi,2024-01-29
C04911,Customer_04911,F,35,Vijayawada,2025-05-25
C04912,Customer_04912,F,51,Jaipur,2024-01-30
C04913,Customer_04913,F,49,Ahmedabad,2024-12-31
C04914,Customer_04914,M,46,Mumbai,2024-05-17
C04915,Customer_04915,M,42,Hyderabad,2025-04-19
C04916,Customer_04916,F,43,Hyderabad,2025-07-16
C04917,Customer_04917,M,56,Hyderabad,2025-01-26
C04918,Customer_04918,M,25,Delhi,2025-03-10
C04919,Customer_04919,F,36,Pune,2024-08-21
C04920,Customer_04920,M,59,Delhi,2024-02-24
C04921,Customer_04921,F,39,Mumbai,2024-10-18
C04922,Customer_04922,F,46,Ahmedabad,2024-11-07
C04923,Customer_04923,F,50,Ahmedabad,2025-07-01
C04924,Customer_04924,F,55,Pune,2024-03-29
C04925,Customer_04925,M,52,Jaipur,2024-07-30
C04926,Customer_04926,M,60,Vijayawada,2024-11-13
C04927,Customer_04927,M,20,Hyderabad,2025-04-09
C04928,Customer_04928,M,36,Ahmedabad,2024-03-27
C04929,Customer_04929,F,27,Pune,2025-02-12
C04930,Customer_04930,F,44,Hyderabad,2024-08-27
C04931,Customer_04931,M,32,Delhi,2025-11-30
C04932,Customer_04932,M,28,Chennai,2024-02-26
C04933,Customer_04933,F,43,Kolkata,2024-04-22
C04934,Customer_04934,M,41,Ahmedabad,2024-03-10
C04935,Customer_04935,M,30,Jaipur,2025-11-22
C04936,Customer_04936,M,49,Pune,2024-07-02
C04937,Customer_04937,F,54,Vijayawada,2025-12-03
C04938,Customer_04938,F,21,Jaipur,2024-10-02
C04939,Customer_04939,F,30,Delhi,2024-08-20
C04940,Customer_04940,F,26,Ahmedabad,2024-02-23
C04941,Customer_04941,M,51,Mumbai,2024-09-13
C04942,Customer_04942,M,54,Delhi,2024-03-30
C04943,Customer_04943,F,24,Vijayawada,2025-10-24
C04944,Customer_04944,M,18,Delhi,2025-03-10
C04945,Customer_04945,F,29,Pune,2025-09-16
C04946,Customer_04946,F,38,Jaipur,2025-02-11
C04947,Customer_04947,F,28,Pune,2024-09-25
C04948,Customer_04948,F,31,Hyderabad,2025-10-30
C04949,Customer_04949,F,51,Chennai,2024-12-31
C04950,Customer_04950,F,51,Jaipur,2024-12-16
C04951,Customer_04951,M,42,Chennai,2024-10-25
C04952,Customer_04952,M,21,Pune,2024-06-07
C04953,Customer_04953,M,43,Mumbai,2025-05-01
C04954,Customer_04954,F,33,Ahmedabad,2025-06-09
C04955,Customer_04955,M,27,Vijayawada,2024-12-20
C04956,Customer_04956,F,19,Delhi,2025-09-12
C04957,Customer_04957,M,52,Delhi,2025-02-04
C04958,Customer_04958,F,36,Chennai,2025-02-08
C04959,Customer_04959,M,23,Vijayawada,2024-04-05
C04960,Customer_04960,F,36,Jaipur,2025-12-07
C04961,Customer_04961,F,25,Ahmedabad,2025-07-23
C04962,Customer_04962,M,31,Kolkata,2025-01-26
C04963,Customer_04963,M,27,Chennai,2024-12-17
C04964,Customer_04964,F,20,Jaipur,2025-10-27
C04965,Customer_04965,M,55,Jaipur,2025-07-29
C04966,Customer_04966,M,46,Vijayawada,2025-10-31
C04967,Customer_04967,F,32,Vijayawada,2025-09-24
C04968,Customer_04968,F,40,Bengaluru,2024-10-14
C04969,Customer_04969,F,40,Delhi,2025-06-06
C04970,Customer_04970,M,35,Ahmedabad,2025-12-26
C04971,Customer_04971,M,36,Hyderabad,2024-06-10
C04972,Customer_04972,F,45,Chennai,2025-09-08
C04973,Customer_04973,F,43,Ahmedabad,2025-10-20
C04974,Customer_04974,F,27,Bengaluru,2024-06-30
C04975,Customer_04975,M,21,Bengaluru,2025-07-02
C04976,Customer_04976,M,19,Ahmedabad,2024-03-22
C04977,Customer_04977,M,20,Vijayawada,2025-06-07
C04978,Customer_04978,M,24,Jaipur,2024-01-04
C04979,Customer_04979,M,33,Kolkata,2025-05-09
C04980,Customer_04980,M,48,Ahmedabad,2025-07-08
C04981,Customer_04981,F,27,Chennai,2024-02-20
C04982,Customer_04982,M,36,Hyderabad,2024-09-17
C04983,Customer_04983,F,45,Delhi,2024-05-13
C04984,Customer_04984,F,34,Bengaluru,2025-08-21
C04985,Customer_04985,F,45,Mumbai,2024-12-27
C04986,Customer_04986,M,36,Mumbai,2025-07-21
C04987,Customer_04987,F,54,Jaipur,2024-08-04
C04988,Customer_04988,F,40,Vijayawada,2024-03-08
C04989,Customer_04989,F,37,Delhi,2025-07-09
C04990,Customer_04990,F,30,Bengaluru,2024-05-22
C04991,Customer_04991,F,30,Mumbai,2024-12-11
C04992,Customer_04992,F,60,Mumbai,2025-07-07
C04993,Customer_04993,M,28,Kolkata,2025-10-12
C04994,Customer_04994,F,32,Ahmedabad,2025-08-07
C04995,Customer_04995,M,34,Pune,2024-07-12
C04996,Customer_04996,F,45,Delhi,2025-10-28
C04997,Customer_04997,M,36,Pune,2024-09-02
C04998,Customer_04998,M,21,Hyderabad,2024-11-09
C04999,Customer_04999,F,39,Vijayawada,2025-12-30
C05000,Customer_05000,F,39,Ahmedabad,2025-01-18
